-- phpMyAdmin SQL Dump
-- version 4.2.7.1
-- http://www.phpmyadmin.net
--
-- Host: 127.0.0.1
-- Generation Time: Nov 24, 2014 at 04:38 AM
-- Server version: 5.6.20
-- PHP Version: 5.5.15

SET SQL_MODE = "NO_AUTO_VALUE_ON_ZERO";
SET time_zone = "+00:00";


/*!40101 SET @OLD_CHARACTER_SET_CLIENT=@@CHARACTER_SET_CLIENT */;
/*!40101 SET @OLD_CHARACTER_SET_RESULTS=@@CHARACTER_SET_RESULTS */;
/*!40101 SET @OLD_COLLATION_CONNECTION=@@COLLATION_CONNECTION */;
/*!40101 SET NAMES utf8 */;

--
-- Database: `hostmon`
--

-- --------------------------------------------------------

--
-- Table structure for table `active_devices`
--

CREATE TABLE IF NOT EXISTS `active_devices` (
  `deviceId` int(11) NOT NULL
) ENGINE=InnoDB DEFAULT CHARSET=latin1;

--
-- Dumping data for table `active_devices`
--

INSERT INTO `active_devices` (`deviceId`) VALUES
(2),
(3),
(5),
(6),
(7),
(9),
(10),
(12),
(38),
(39),
(40),
(41),
(42),
(44);

-- --------------------------------------------------------

--
-- Table structure for table `configuration`
--

CREATE TABLE IF NOT EXISTS `configuration` (
`id` int(11) NOT NULL,
  `name` text NOT NULL,
  `value` text NOT NULL,
  `description` text NOT NULL,
  `timeStamp` text NOT NULL COMMENT 'Used by some settings'
) ENGINE=InnoDB  DEFAULT CHARSET=latin1 AUTO_INCREMENT=18 ;

--
-- Dumping data for table `configuration`
--

INSERT INTO `configuration` (`id`, `name`, `value`, `description`, `timeStamp`) VALUES
(1, 'debug', '0', 'Controls if the backend is in debug mode or not. In debug mode the console will display much more information.', ''),
(2, 'averageGoalTime', '60000', 'The time, in milliseconds, that we are aiming to have each record updated in. This will have an effect on the number of threads running in backend.', ''),
(3, 'startingThreads', '11', 'The number of threads the backend starts with. The thread number will change as the backend runs.', ''),
(4, 'maxThreads', '50', 'The maximum number of threads the backend will be able to run.', ''),
(5, 'threadRemovalCoefficient', '4', 'The Value that decides when threads are removed. The Lower the value the sooner an unneeded thread is removed.', ''),
(6, 'threadAddCoefficient', '10', 'The Value that decides when threads are added. The Higher the value the sooner a needed thread is added.', ''),
(7, 'runPerThreadCheck', '5', 'Every x amount of times a thread is run we check if we need to add or remove a thread.', ''),
(8, 'numPingRunsBeforeDBRecord', '20', 'The number of times we will ping before we make a call to the database.', ''),
(9, 'minuteRecordAgeLimit', '900000', 'The age each record in the minute table should get before being deleted. In Milliseconds.', ''),
(10, 'hourRecordAgeLimit', '14400000', 'The age each record in the hour table should get before being deleted. In Milliseconds.', ''),
(11, 'dayRecordAgeLimit', '345600000', 'The age each record in the day table should get before being deleted. In Milliseconds.', ''),
(12, 'weekRecordAgeLimit', '2419200000', 'The age each record in the week table should get before being deleted. In Milliseconds.', ''),
(13, 'newestPingMinutes', '300000', 'The amount of milliseconds we want to retrieve to average out new pings to add to hour table default was 5 minutes or 300000', ''),
(14, 'newestPingHours', '3600000', 'The amount of milliseconds we want to retrieve in order to average out pings to add to the day table default is 1 hour or 3600000 millis', ''),
(15, 'newestPingDays', '86400000', 'The amount of milliseconds we want to retrieve in order to average out pings to add to the day table default is 1 day or 86400000 millis', ''),
(16, 'newestPingWeeks', '604800000', 'The amount of milliseconds we want to retrieve in order to average out pings to add to the day table default is 1 week or 604800000 millis', ''),
(17, 'backendRunning', 'true', 'Used by the java backend to declare it is running. Used by php-ajax to show the user if it is running.', '1416800324');

-- --------------------------------------------------------

--
-- Table structure for table `day`
--

CREATE TABLE IF NOT EXISTS `day` (
`id` int(11) NOT NULL,
  `ip` text NOT NULL,
  `time` text NOT NULL,
  `latency` text NOT NULL
) ENGINE=InnoDB  DEFAULT CHARSET=latin1 AUTO_INCREMENT=31874 ;

--
-- Dumping data for table `day`
--

INSERT INTO `day` (`id`, `ip`, `time`, `latency`) VALUES
(31664, 'digitalpath.com', '1416469841641', '688'),
(31665, 'news.com', '1416469842803', '717'),
(31666, 'gmail.com', '1416469841857', '655'),
(31667, 'hotmail.com', '1416469846255', '711'),
(31668, 'earlhart.com', '1416469849216', '712'),
(31669, 'digitalpath.net', '1416469842322', '717'),
(31670, 'chicosystems.com', '1416469844622', '695'),
(31671, 'digitalpath.com', '1416473459310', '691'),
(31672, 'news.com', '1416473461560', '675'),
(31673, 'gmail.com', '1416473462668', '670'),
(31674, 'hotmail.com', '1416473461287', '674'),
(31675, 'earlhart.com', '1416473458087', '725'),
(31676, 'digitalpath.net', '1416473464118', '682'),
(31677, 'chicosystems.com', '1416473460389', '682'),
(31678, 'digitalpath.com', '1416477073845', '704'),
(31679, 'news.com', '1416477078027', '704'),
(31680, 'gmail.com', '1416477074874', '700'),
(31681, 'hotmail.com', '1416477079182', '686'),
(31682, 'earlhart.com', '1416477077717', '703'),
(31683, 'digitalpath.net', '1416477078135', '697'),
(31684, 'chicosystems.com', '1416477078026', '730'),
(31685, 'digitalpath.com', '1416480688834', '701'),
(31686, 'news.com', '1416480691957', '683'),
(31687, 'gmail.com', '1416480690840', '653'),
(31688, 'hotmail.com', '1416480690618', '706'),
(31689, 'earlhart.com', '1416480687234', '719'),
(31690, 'digitalpath.net', '1416480688784', '676'),
(31691, 'chicosystems.com', '1416480686058', '665'),
(31692, 'digitalpath.com', '1416484302446', '661'),
(31693, 'news.com', '1416484299770', '694'),
(31694, 'gmail.com', '1416484301597', '672'),
(31695, 'hotmail.com', '1416484300860', '682'),
(31696, 'earlhart.com', '1416484300193', '697'),
(31697, 'digitalpath.net', '1416484301291', '673'),
(31698, 'chicosystems.com', '1416484304409', '661'),
(31699, 'digitalpath.com', '1416487915133', '699'),
(31700, 'news.com', '1416487913207', '686'),
(31701, 'gmail.com', '1416487914724', '656'),
(31702, 'hotmail.com', '1416487912511', '691'),
(31703, 'earlhart.com', '1416487911906', '684'),
(31704, 'digitalpath.net', '1416487915487', '675'),
(31705, 'chicosystems.com', '1416487919146', '671'),
(31706, 'digitalpath.com', '1416491526413', '697'),
(31707, 'news.com', '1416491531260', '720'),
(31708, 'gmail.com', '1416491527175', '661'),
(31709, 'hotmail.com', '1416491529618', '715'),
(31710, 'earlhart.com', '1416491521946', '691'),
(31711, 'digitalpath.net', '1416491530532', '711'),
(31712, 'chicosystems.com', '1416491527931', '688'),
(31713, 'digitalpath.com', '1416495139474', '708'),
(31714, 'news.com', '1416495141514', '693'),
(31715, 'gmail.com', '1416495141257', '663'),
(31716, 'hotmail.com', '1416495142926', '712'),
(31717, 'earlhart.com', '1416495139841', '716'),
(31718, 'digitalpath.net', '1416495139731', '673'),
(31719, 'chicosystems.com', '1416495141868', '683'),
(31720, 'digitalpath.com', '1416498750094', '681'),
(31721, 'news.com', '1416498751495', '709'),
(31722, 'gmail.com', '1416498752962', '669'),
(31723, 'hotmail.com', '1416498754088', '694'),
(31724, 'earlhart.com', '1416498751522', '718'),
(31725, 'digitalpath.net', '1416498748936', '696'),
(31726, 'chicosystems.com', '1416498756465', '693'),
(31727, 'digitalpath.com', '1416502369588', '760'),
(31728, 'news.com', '1416502367603', '800'),
(31729, 'gmail.com', '1416502367153', '776'),
(31730, 'hotmail.com', '1416502366124', '790'),
(31731, 'earlhart.com', '1416502366215', '819'),
(31732, 'digitalpath.net', '1416502363628', '802'),
(31733, 'chicosystems.com', '1416502367562', '799'),
(31734, 'two.com', '1416711750139', '0'),
(31735, 'news.com', '1416711748570', '592'),
(31736, 'gmail.com', '1416711747887', '611'),
(31737, 'hotmail.com', '1416711748722', '617'),
(31738, 'earlhart.com', '1416711747318', '671'),
(31739, 'digitalpath.net', '1416711747861', '651'),
(31740, 'chicosystems.com', '1416711745209', '630'),
(31741, 'bbc.co.uk', '1416716129337', '786'),
(31742, 'news.com', '1416715363841', '639'),
(31743, 'dishnetwork.com', '1416716133300', '632'),
(31744, 'speedtest.net', '1416716134644', '662'),
(31745, 'dishnetwork.net', '1416716133674', '595'),
(31746, 'dish.net', '1416716128879', '598'),
(31747, 'plesk.com', '1416715381717', '645'),
(31748, 'gmail.com', '1416715362342', '621'),
(31749, 'digitalpath.net', '1416715359302', '651'),
(31750, 'ufcrewards.com', '1416716136487', '579'),
(31751, 'two.com', '1416715362801', '0'),
(31752, 'facebook.com', '1416715373767', '721'),
(31753, 'reddit.com', '1416715376962', '667'),
(31754, 'directtv.com', '1416716131861', '675'),
(31755, 'twitter.com', '1416716140191', '695'),
(31756, 'hotmail.com', '1416715362501', '649'),
(31757, 'cmich.edu', '1416716138496', '651'),
(31758, 'earlhart.com', '1416715357820', '666'),
(31759, 'hbo.net', '1416716133858', '659'),
(31760, 'foxnews.com', '1416716132918', '670'),
(31761, 'evangel.edu', '1416716123502', '625'),
(31762, '7up.com', '1416715528407', '618'),
(31763, 'wargaming.net', '1416715533251', '621'),
(31764, 'chicosystems.com', '1416715359098', '637'),
(31765, 'he.net', '1416716135491', '677'),
(31766, 'news.com', '1416719270474', '695'),
(31767, 'dishnetwork.net', '1416719270719', '733'),
(31768, 'plesk.com', '1416719272274', '748'),
(31769, 'dish.net', '1416719271998', '652'),
(31770, 'digitalpath.net', '1416719264870', '717'),
(31771, 'ufcrewards.com', '1416719277260', '696'),
(31772, 'facebook.com', '1416719273751', '704'),
(31773, 'reddit.com', '1416719277913', '697'),
(31774, 'sparkfun.com', '1416719075557', '670'),
(31775, 'directtv.com', '1416719275345', '256'),
(31776, 'twitter.com', '1416719266641', '739'),
(31777, 'cmich.edu', '1416719271618', '710'),
(31778, 'evangel.edu', '1416719272498', '721'),
(31779, 'foxnews.com', '1416719278746', '679'),
(31780, 'youtube.com', '1416719081156', '684'),
(31781, '7up.com', '1416719269489', '674'),
(31782, 'chicosystems.com', '1416719266443', '690'),
(31783, 'bbc.co.uk', '1416719273548', '812'),
(31784, 'stanford.edu', '1416719079170', '656'),
(31785, 'dishnetwork.com', '1416719276113', '742'),
(31786, 'speedtest.net', '1416719274580', '699'),
(31787, 'imgur.com', '1416719076407', '711'),
(31788, 'gmail.com', '1416719275683', '691'),
(31789, 'comcast.net', '1416719081089', '719'),
(31790, 'two.com', '1416719275408', '0'),
(31791, '192.168.2.1', '1416717624302', '1'),
(31792, '184.21.246.255', '1416719080513', '1303'),
(31793, 'hotmail.com', '1416719271887', '723'),
(31794, 'hbo.net', '1416719273666', '691'),
(31795, 'earlhart.com', '1416719274757', '714'),
(31796, 'wargaming.net', '1416719278973', '701'),
(31797, 'he.net', '1416719272146', '715'),
(31798, 'news.com', '1416722605537', '766'),
(31799, 'plesk.com', '1416722599911', '792'),
(31800, 'dish.net', '1416722596726', '687'),
(31801, 'dishnetwork.net', '1416722604607', '769'),
(31802, 'digitalpath.net', '1416722600785', '770'),
(31803, 'ufcrewards.com', '1416722602085', '700'),
(31804, 'facebook.com', '1416722595452', '752'),
(31805, 'reddit.com', '1416722603535', '798'),
(31806, 'sparkfun.com', '1416722608712', '710'),
(31807, 'directtv.com', '1416722603098', '316'),
(31808, 'twitter.com', '1416722601782', '792'),
(31809, 'cmich.edu', '1416722600898', '711'),
(31810, 'foxnews.com', '1416722599412', '703'),
(31811, 'evangel.edu', '1416722602171', '721'),
(31812, '7up.com', '1416722591970', '736'),
(31813, 'youtube.com', '1416722602009', '733'),
(31814, 'chicosystems.com', '1416722601075', '758'),
(31815, 'bbc.co.uk', '1416722605269', '826'),
(31816, 'stanford.edu', '1416722602903', '701'),
(31817, 'dishnetwork.com', '1416722598136', '722'),
(31818, 'speedtest.net', '1416722603442', '720'),
(31819, 'imgur.com', '1416722601837', '742'),
(31820, 'gmail.com', '1416722601848', '761'),
(31821, 'comcast.net', '1416722600910', '746'),
(31822, 'two.com', '1416722603881', '0'),
(31823, '184.21.246.255', '1416722595789', '917'),
(31824, 'hotmail.com', '1416722600819', '752'),
(31825, 'hbo.net', '1416722596908', '700'),
(31826, 'earlhart.com', '1416722604961', '791'),
(31827, 'wargaming.net', '1416722604110', '705'),
(31828, 'he.net', '1416722609672', '793'),
(31829, 'news.com', '1416726249650', '761'),
(31830, 'plesk.com', '1416726243892', '825'),
(31831, 'dish.net', '1416726249099', '769'),
(31832, 'dishnetwork.net', '1416726251104', '724'),
(31833, 'digitalpath.net', '1416726250108', '843'),
(31834, 'ufcrewards.com', '1416726250116', '713'),
(31835, 'facebook.com', '1416726247626', '965'),
(31836, 'reddit.com', '1416726242199', '654'),
(31837, 'sparkfun.com', '1416726248422', '655'),
(31838, 'directtv.com', '1416726250853', '351'),
(31839, 'twitter.com', '1416726247774', '850'),
(31840, 'cmich.edu', '1416726249772', '787'),
(31841, 'evangel.edu', '1416726245581', '762'),
(31842, 'foxnews.com', '1416726243914', '773'),
(31843, 'youtube.com', '1416726241738', '695'),
(31844, '7up.com', '1416726241871', '856'),
(31845, 'chicosystems.com', '1416726241204', '734'),
(31846, 'bbc.co.uk', '1416726241737', '797'),
(31847, 'stanford.edu', '1416726247859', '746'),
(31848, 'dishnetwork.com', '1416726248214', '748'),
(31849, 'imgur.com', '1416726247340', '866'),
(31850, 'speedtest.net', '1416726249844', '742'),
(31851, 'gmail.com', '1416726245157', '838'),
(31852, 'comcast.net', '1416726244748', '824'),
(31853, 'two.com', '1416726246169', '0'),
(31854, '184.21.246.255', '1416726246992', '540'),
(31855, 'hotmail.com', '1416726246669', '760'),
(31856, 'earlhart.com', '1416726248093', '810'),
(31857, 'hbo.net', '1416726249635', '781'),
(31858, 'wargaming.net', '1416726244526', '714'),
(31859, 'he.net', '1416726241781', '852'),
(31860, 'stanford.edu', '1416798050510', '564'),
(31861, 'news.com', '1416798050052', '581'),
(31862, 'imgur.com', '1416798050001', '668'),
(31863, 'gmail.com', '1416798051648', '557'),
(31864, 'digitalpath.net', '1416798054053', '673'),
(31865, 'comcast.net', '1416798050353', '646'),
(31866, 'facebook.com', '1416798051518', '662'),
(31867, 'reddit.com', '1416798056968', '611'),
(31868, 'sparkfun.com', '1416798053822', '543'),
(31869, '184.21.246.255', '1416798050936', '860'),
(31870, 'hotmail.com', '1416798049891', '584'),
(31871, 'earlhart.com', '1416798055402', '681'),
(31872, 'youtube.com', '1416798054169', '645'),
(31873, 'chicosystems.com', '1416798047665', '609');

-- --------------------------------------------------------

--
-- Table structure for table `devices`
--

CREATE TABLE IF NOT EXISTS `devices` (
`id` int(11) NOT NULL,
  `ip` text NOT NULL,
  `name` text NOT NULL,
  `description` text NOT NULL
) ENGINE=InnoDB  DEFAULT CHARSET=latin1 AUTO_INCREMENT=45 ;

--
-- Dumping data for table `devices`
--

INSERT INTO `devices` (`id`, `ip`, `name`, `description`) VALUES
(1, 'google.com', 'GOOGLE', 'I''m pinging google'),
(2, 'facebook.com', 'FACEBOOK', 'This is facebook.'),
(3, 'reddit.com', 'REDDIT', 'this is reddit'),
(4, 'myspace.com', 'myspace', 'myspace is here'),
(5, 'gmail.com', 'Gmail Test', 'Development Test'),
(6, 'hotmail.com', 'HOTMAIL', 'Development Test'),
(7, 'digitalpath.net', 'DigitalPath', 'test'),
(8, 'digitalpath.com', 'DigitalPath INC.', ''),
(9, 'chicosystems.com', 'Chico Systems LLC', ''),
(10, 'news.com', 'NewsBoys', ''),
(11, 'digg.com', 'Digg Stuff', ''),
(12, 'earlhart.com', 'Earlhart Soap Works', ''),
(13, 'plesk.com', 'PLESK', ''),
(14, 'one.com', 'Uno One', ''),
(15, 'two.com', 'Two 2', ''),
(16, 'three.com', 'Three Men', ''),
(17, 'four.com', 'Four Times', ''),
(18, 'tiltservers.com', 'Tilt Servers LLC', ''),
(19, 'tiltservers.net', 'Tilt Servers LLC 2', ''),
(20, 'five.com', 'Fivers', ''),
(21, 'six.com', 'Sixtus', ''),
(22, 'seven.com', 'Se7en', ''),
(23, '7up.com', '7up Soda', ''),
(24, 'wargaming.net', 'UFC War Games', ''),
(25, 'hbo.net', 'HBO Networks', 'HBO Television.'),
(26, 'he.net', 'Hurricane Electric', 'Probably the Fremont datacenter.'),
(27, 'ufcrewards.com', 'UFC Rewards', 'It''s the UFC Rewards site.'),
(28, 'dishnetwork.net', 'Dish Networks', ''),
(29, 'dishnetwork.com', 'Dish Networks 2', ''),
(30, 'dish.net', 'Dish Networks 3', ''),
(31, 'directtv.com', 'Direct Tv', ''),
(32, 'bbc.co.uk', 'BBC News', ''),
(33, 'foxnews.com', 'Fox News', ''),
(34, 'speedtest.net', 'Speed Test Net.', ''),
(35, 'cmich.edu', 'C.M.U.', ''),
(36, 'evangel.edu', 'Evangel University', ''),
(37, 'twitter.com', 'Twitter', ''),
(38, 'stanford.edu', 'Stanford University', ''),
(39, 'comcast.net', 'Comcast 1', ''),
(40, 'imgur.com', 'Imgur', ''),
(41, 'sparkfun.com', 'Sparkfun', ''),
(42, 'youtube.com', 'Youtube', ''),
(43, '192.168.2.1', 'Router', ''),
(44, '184.21.246.255', 'Router 2', '');

-- --------------------------------------------------------

--
-- Table structure for table `hour`
--

CREATE TABLE IF NOT EXISTS `hour` (
`id` int(11) NOT NULL,
  `ip` text NOT NULL,
  `time` text NOT NULL,
  `latency` int(11) NOT NULL
) ENGINE=InnoDB  DEFAULT CHARSET=latin1 AUTO_INCREMENT=382149 ;

--
-- Dumping data for table `hour`
--

INSERT INTO `hour` (`id`, `ip`, `time`, `latency`) VALUES
(381936, 'news.com', '1416790740999', 586),
(381937, 'dish.net', '1416790751827', 622),
(381938, 'plesk.com', '1416790758424', 686),
(381939, 'dishnetwork.net', '1416790756263', 653),
(381940, 'digitalpath.net', '1416790760238', 677),
(381941, 'ufcrewards.com', '1416790748898', 479),
(381942, 'facebook.com', '1416790757408', 711),
(381943, 'reddit.com', '1416790747164', 719),
(381944, 'sparkfun.com', '1416790758109', 564),
(381945, 'directtv.com', '1416790750757', 233),
(381946, 'twitter.com', '1416790741480', 585),
(381947, 'cmich.edu', '1416790755983', 703),
(381948, 'foxnews.com', '1416790755529', 612),
(381949, 'evangel.edu', '1416790740816', 677),
(381950, '7up.com', '1416790763004', 542),
(381951, 'youtube.com', '1416790752055', 573),
(381952, 'chicosystems.com', '1416790736116', 679),
(381953, 'bbc.co.uk', '1416790754826', 776),
(381954, 'stanford.edu', '1416790741285', 694),
(381955, 'dishnetwork.com', '1416790742366', 699),
(381956, 'imgur.com', '1416790740089', 743),
(381957, 'speedtest.net', '1416790761061', 646),
(381958, 'gmail.com', '1416790745770', 608),
(381959, 'comcast.net', '1416790740323', 707),
(381960, 'two.com', '1416790762824', 0),
(381961, '184.21.246.255', '1416790758634', 1221),
(381962, 'hotmail.com', '1416790759559', 674),
(381963, 'hbo.net', '1416790738769', 663),
(381964, 'earlhart.com', '1416790761312', 681),
(381965, 'wargaming.net', '1416790747914', 699),
(381966, 'he.net', '1416790752286', 694),
(381967, 'stanford.edu', '1416796515317', 688),
(381968, 'news.com', '1416796505688', 751),
(381969, 'imgur.com', '1416796514231', 658),
(381970, 'gmail.com', '1416796511022', 632),
(381971, 'digitalpath.net', '1416796510322', 715),
(381972, 'comcast.net', '1416796532216', 841),
(381973, 'facebook.com', '1416796504520', 664),
(381974, 'reddit.com', '1416796521109', 528),
(381975, 'sparkfun.com', '1416796507641', 764),
(381976, '184.21.246.255', '1416796521918', 972),
(381977, 'hotmail.com', '1416796517701', 635),
(381978, 'earlhart.com', '1416796506247', 723),
(381979, 'youtube.com', '1416796488646', 633),
(381980, 'chicosystems.com', '1416796504086', 573),
(381981, 'news.com', '1416796851715', 677),
(381982, 'stanford.edu', '1416796861319', 591),
(381983, 'imgur.com', '1416796848439', 661),
(381984, 'gmail.com', '1416796844237', 584),
(381985, 'digitalpath.net', '1416796858857', 726),
(381986, 'comcast.net', '1416796864364', 542),
(381987, 'facebook.com', '1416796854316', 482),
(381988, 'reddit.com', '1416796852078', 640),
(381989, 'sparkfun.com', '1416796846104', 573),
(381990, '184.21.246.255', '1416796842004', 1074),
(381991, 'hotmail.com', '1416796848259', 630),
(381992, 'earlhart.com', '1416796859866', 595),
(381993, 'youtube.com', '1416796873261', 637),
(381994, 'chicosystems.com', '1416796835175', 448),
(381995, 'news.com', '1416797140124', 603),
(381996, 'stanford.edu', '1416797130846', 440),
(381997, 'imgur.com', '1416797122216', 544),
(381998, 'gmail.com', '1416797134080', 705),
(381999, 'digitalpath.net', '1416797135725', 587),
(382000, 'comcast.net', '1416797127452', 880),
(382001, 'facebook.com', '1416797129973', 644),
(382002, 'reddit.com', '1416797152055', 590),
(382003, 'sparkfun.com', '1416797141016', 564),
(382004, '184.21.246.255', '1416797147521', 1092),
(382005, 'hotmail.com', '1416797134446', 484),
(382006, 'earlhart.com', '1416797131003', 650),
(382007, 'youtube.com', '1416797128117', 680),
(382008, 'chicosystems.com', '1416797146621', 533),
(382009, 'news.com', '1416797449456', 611),
(382010, 'stanford.edu', '1416797460797', 498),
(382011, 'imgur.com', '1416797453068', 609),
(382012, 'gmail.com', '1416797450221', 611),
(382013, 'digitalpath.net', '1416797455374', 630),
(382014, 'comcast.net', '1416797446365', 627),
(382015, 'facebook.com', '1416797450653', 533),
(382016, 'reddit.com', '1416797462783', 635),
(382017, 'sparkfun.com', '1416797453172', 585),
(382018, '184.21.246.255', '1416797462979', 574),
(382019, 'hotmail.com', '1416797461930', 556),
(382020, 'earlhart.com', '1416797456390', 603),
(382021, 'youtube.com', '1416797463297', 586),
(382022, 'chicosystems.com', '1416797455121', 582),
(382023, 'news.com', '1416797742193', 490),
(382024, 'stanford.edu', '1416797749227', 573),
(382025, 'imgur.com', '1416797753441', 634),
(382026, 'gmail.com', '1416797765949', 545),
(382027, 'digitalpath.net', '1416797762925', 638),
(382028, 'comcast.net', '1416797745195', 516),
(382029, 'facebook.com', '1416797761879', 719),
(382030, 'reddit.com', '1416797773862', 738),
(382031, 'sparkfun.com', '1416797766100', 365),
(382032, '184.21.246.255', '1416797747573', 0),
(382033, 'hotmail.com', '1416797757617', 645),
(382034, 'earlhart.com', '1416797759569', 610),
(382035, 'youtube.com', '1416797781514', 508),
(382036, 'chicosystems.com', '1416797740239', 439),
(382037, 'stanford.edu', '1416798070614', 619),
(382038, 'news.com', '1416798060464', 443),
(382039, 'imgur.com', '1416798065755', 778),
(382040, 'gmail.com', '1416798071677', 515),
(382041, 'digitalpath.net', '1416798072374', 497),
(382042, 'comcast.net', '1416798056879', 633),
(382043, 'facebook.com', '1416798074813', 808),
(382044, 'reddit.com', '1416798061005', 538),
(382045, 'sparkfun.com', '1416798072704', 642),
(382046, '184.21.246.255', '1416798047249', 255),
(382047, 'hotmail.com', '1416798043415', 601),
(382048, 'earlhart.com', '1416798058157', 614),
(382049, 'youtube.com', '1416798079452', 642),
(382050, 'chicosystems.com', '1416798075781', 672),
(382051, 'news.com', '1416798358715', 471),
(382052, 'stanford.edu', '1416798359188', 566),
(382053, 'imgur.com', '1416798353589', 689),
(382054, 'gmail.com', '1416798375280', 595),
(382055, 'digitalpath.net', '1416798362269', 637),
(382056, 'comcast.net', '1416798359339', 790),
(382057, 'facebook.com', '1416798361299', 658),
(382058, 'reddit.com', '1416798358454', 604),
(382059, 'sparkfun.com', '1416798349855', 484),
(382060, '184.21.246.255', '1416798347137', 1076),
(382061, 'hotmail.com', '1416798362071', 600),
(382062, 'earlhart.com', '1416798361990', 723),
(382063, 'youtube.com', '1416798340042', 789),
(382064, 'chicosystems.com', '1416798345558', 1000),
(382065, 'news.com', '1416798655460', 514),
(382066, 'stanford.edu', '1416798652286', 583),
(382067, 'imgur.com', '1416798648650', 789),
(382068, 'gmail.com', '1416798644832', 502),
(382069, 'digitalpath.net', '1416798656030', 854),
(382070, 'comcast.net', '1416798635684', 591),
(382071, 'facebook.com', '1416798661475', 628),
(382072, 'reddit.com', '1416798667532', 607),
(382073, 'sparkfun.com', '1416798675982', 456),
(382074, '184.21.246.255', '1416798659050', 1243),
(382075, 'hotmail.com', '1416798651524', 506),
(382076, 'earlhart.com', '1416798660234', 578),
(382077, 'youtube.com', '1416798656088', 638),
(382078, 'chicosystems.com', '1416798664525', 735),
(382079, 'news.com', '1416798975834', 652),
(382080, 'stanford.edu', '1416798952817', 610),
(382081, 'imgur.com', '1416798974080', 866),
(382082, 'gmail.com', '1416798958060', 446),
(382083, 'digitalpath.net', '1416798959940', 667),
(382084, 'comcast.net', '1416798965294', 577),
(382085, 'facebook.com', '1416798967563', 965),
(382086, 'reddit.com', '1416798958658', 780),
(382087, 'sparkfun.com', '1416798960058', 433),
(382088, '184.21.246.255', '1416798968236', 1139),
(382089, 'hotmail.com', '1416798963328', 563),
(382090, 'earlhart.com', '1416798970518', 849),
(382091, 'youtube.com', '1416798972694', 570),
(382092, 'chicosystems.com', '1416798935509', 575),
(382093, 'news.com', '1416799255982', 605),
(382094, 'stanford.edu', '1416799241129', 499),
(382095, 'imgur.com', '1416799251269', 474),
(382096, 'gmail.com', '1416799254168', 547),
(382097, 'digitalpath.net', '1416799261633', 591),
(382098, 'comcast.net', '1416799269273', 436),
(382099, 'facebook.com', '1416799248190', 646),
(382100, 'reddit.com', '1416799261733', 466),
(382101, 'sparkfun.com', '1416799263042', 501),
(382102, '184.21.246.255', '1416799269412', 1016),
(382103, 'hotmail.com', '1416799241093', 559),
(382104, 'earlhart.com', '1416799261741', 712),
(382105, 'youtube.com', '1416799253100', 792),
(382106, 'chicosystems.com', '1416799254830', 629),
(382107, 'news.com', '1416799554945', 582),
(382108, 'stanford.edu', '1416799562080', 543),
(382109, 'imgur.com', '1416799565273', 651),
(382110, 'gmail.com', '1416799558603', 452),
(382111, 'digitalpath.net', '1416799559139', 862),
(382112, 'comcast.net', '1416799551832', 682),
(382113, 'facebook.com', '1416799552018', 544),
(382114, 'reddit.com', '1416799557379', 599),
(382115, 'sparkfun.com', '1416799556370', 614),
(382116, '184.21.246.255', '1416799547224', 1027),
(382117, 'hotmail.com', '1416799567417', 646),
(382118, 'earlhart.com', '1416799583708', 844),
(382119, 'youtube.com', '1416799559655', 628),
(382120, 'chicosystems.com', '1416799566875', 519),
(382121, 'news.com', '1416799878470', 552),
(382122, 'stanford.edu', '1416799865675', 683),
(382123, 'imgur.com', '1416799881813', 647),
(382124, 'gmail.com', '1416799857457', 586),
(382125, 'digitalpath.net', '1416799872488', 542),
(382126, 'comcast.net', '1416799879298', 630),
(382127, 'facebook.com', '1416799862040', 774),
(382128, 'reddit.com', '1416799867950', 872),
(382129, 'sparkfun.com', '1416799862177', 571),
(382130, '184.21.246.255', '1416799856752', 1267),
(382131, 'hotmail.com', '1416799872842', 792),
(382132, 'earlhart.com', '1416799867133', 610),
(382133, 'youtube.com', '1416799858829', 636),
(382134, 'chicosystems.com', '1416799871001', 436),
(382135, 'stanford.edu', '1416800162581', 461),
(382136, 'news.com', '1416800141325', 646),
(382137, 'imgur.com', '1416800164865', 614),
(382138, 'gmail.com', '1416800144123', 686),
(382139, 'digitalpath.net', '1416800154502', 850),
(382140, 'comcast.net', '1416800143621', 620),
(382141, 'facebook.com', '1416800158853', 634),
(382142, 'reddit.com', '1416800169895', 675),
(382143, 'sparkfun.com', '1416800153068', 632),
(382144, '184.21.246.255', '1416800160471', 1224),
(382145, 'hotmail.com', '1416800158956', 601),
(382146, 'earlhart.com', '1416800149914', 631),
(382147, 'youtube.com', '1416800161937', 625),
(382148, 'chicosystems.com', '1416800157296', 420);

-- --------------------------------------------------------

--
-- Table structure for table `minute`
--

CREATE TABLE IF NOT EXISTS `minute` (
`id` int(11) NOT NULL,
  `ip` text NOT NULL,
  `time` text NOT NULL,
  `latency` int(11) NOT NULL
) ENGINE=InnoDB  DEFAULT CHARSET=latin1 AUTO_INCREMENT=18428551 ;

--
-- Dumping data for table `minute`
--

INSERT INTO `minute` (`id`, `ip`, `time`, `latency`) VALUES
(18427934, 'gmail.com', '1416799436233', 609),
(18427935, 'youtube.com', '1416799437112', 612),
(18427936, 'facebook.com', '1416799438122', 675),
(18427937, 'chicosystems.com', '1416799439278', 651),
(18427938, 'sparkfun.com', '1416799440153', 611),
(18427939, '184.21.246.255', '1416799441600', 1181),
(18427940, 'reddit.com', '1416799442533', 652),
(18427941, 'reddit.com', '1416799443453', 652),
(18427942, 'digitalpath.net', '1416799444493', 644),
(18427943, 'hotmail.com', '1416799445413', 648),
(18427944, 'stanford.edu', '1416799449207', 0),
(18427945, 'comcast.net', '1416799453707', 0),
(18427946, 'comcast.net', '1416799454600', 617),
(18427947, 'imgur.com', '1416799455717', 658),
(18427948, 'earlhart.com', '1416799456742', 743),
(18427949, 'news.com', '1416799457653', 641),
(18427950, 'gmail.com', '1416799458554', 630),
(18427951, 'youtube.com', '1416799460603', 610),
(18427952, 'facebook.com', '1416799461557', 682),
(18427953, 'chicosystems.com', '1416799462538', 693),
(18427954, 'sparkfun.com', '1416799466710', 0),
(18427955, 'sparkfun.com', '1416799467634', 638),
(18427956, '184.21.246.255', '1416799469073', 1179),
(18427957, 'reddit.com', '1416799470099', 633),
(18427958, 'digitalpath.net', '1416799471002', 638),
(18427959, 'hotmail.com', '1416799471932', 660),
(18427960, 'stanford.edu', '1416799472923', 630),
(18427961, 'comcast.net', '1416799473872', 609),
(18427962, 'comcast.net', '1416799474792', 626),
(18427963, 'imgur.com', '1416799475732', 634),
(18427964, 'earlhart.com', '1416799476663', 659),
(18427965, 'news.com', '1416799480707', 0),
(18427966, 'gmail.com', '1416799481609', 614),
(18427967, 'youtube.com', '1416799482513', 634),
(18427968, 'facebook.com', '1416799483433', 649),
(18427969, 'facebook.com', '1416799487707', 0),
(18427970, 'chicosystems.com', '1416799488642', 650),
(18427971, 'sparkfun.com', '1416799490711', 605),
(18427972, '184.21.246.255', '1416799494706', 0),
(18427973, '184.21.246.255', '1416799496161', 1201),
(18427974, 'reddit.com', '1416799497144', 709),
(18427975, 'digitalpath.net', '1416799498040', 621),
(18427976, 'hotmail.com', '1416799502207', 0),
(18427977, 'stanford.edu', '1416799503121', 642),
(18427978, 'comcast.net', '1416799504473', 1083),
(18427979, 'comcast.net', '1416799505353', 611),
(18427980, 'imgur.com', '1416799506331', 654),
(18427981, 'earlhart.com', '1416799507262', 633),
(18427982, 'news.com', '1416799508171', 637),
(18427983, 'gmail.com', '1416799509072', 631),
(18427984, 'youtube.com', '1416799509953', 612),
(18427985, 'facebook.com', '1416799514207', 0),
(18427986, 'facebook.com', '1416799515168', 679),
(18427987, 'chicosystems.com', '1416799516122', 648),
(18427988, 'sparkfun.com', '1416799518126', 1730),
(18427989, '184.21.246.255', '1416799519617', 1194),
(18427990, 'reddit.com', '1416799520971', 1081),
(18427991, 'digitalpath.net', '1416799522881', 613),
(18427992, 'hotmail.com', '1416799523810', 653),
(18427993, 'stanford.edu', '1416799524802', 645),
(18427994, 'stanford.edu', '1416799525681', 613),
(18427995, 'comcast.net', '1416799526593', 637),
(18427996, 'imgur.com', '1416799527490', 622),
(18427997, 'earlhart.com', '1416799531773', 0),
(18427998, 'news.com', '1416799535708', 0),
(18427999, 'news.com', '1416799536623', 629),
(18428000, 'gmail.com', '1416799540707', 0),
(18428001, 'youtube.com', '1416799541874', 609),
(18428002, 'facebook.com', '1416799542791', 652),
(18428003, 'chicosystems.com', '1416799543680', 615),
(18428004, 'sparkfun.com', '1416799544592', 640),
(18428005, 'sparkfun.com', '1416799545511', 638),
(18428006, '184.21.246.255', '1416799549708', 0),
(18428007, 'reddit.com', '1416799553707', 0),
(18428008, 'digitalpath.net', '1416799554680', 626),
(18428009, 'hotmail.com', '1416799555685', 663),
(18428010, 'stanford.edu', '1416799556622', 647),
(18428011, 'comcast.net', '1416799558883', 961),
(18428012, 'imgur.com', '1416799559810', 655),
(18428013, 'earlhart.com', '1416799560740', 666),
(18428014, 'news.com', '1416799561729', 713),
(18428015, 'gmail.com', '1416799562629', 634),
(18428016, 'youtube.com', '1416799563559', 659),
(18428017, 'facebook.com', '1416799564471', 646),
(18428018, 'chicosystems.com', '1416799565359', 623),
(18428019, 'chicosystems.com', '1416799566280', 648),
(18428020, 'sparkfun.com', '1416799567191', 634),
(18428021, '184.21.246.255', '1416799568641', 1188),
(18428022, 'reddit.com', '1416799569570', 646),
(18428023, 'digitalpath.net', '1416799570480', 645),
(18428024, 'hotmail.com', '1416799571867', 1119),
(18428025, 'stanford.edu', '1416799572801', 623),
(18428026, 'comcast.net', '1416799573710', 615),
(18428027, 'imgur.com', '1416799574648', 655),
(18428028, 'earlhart.com', '1416799575580', 663),
(18428029, 'earlhart.com', '1416799576499', 654),
(18428030, 'news.com', '1416799577410', 636),
(18428031, 'gmail.com', '1416799582881', 0),
(18428032, 'youtube.com', '1416799583790', 635),
(18428033, 'facebook.com', '1416799584711', 650),
(18428034, 'chicosystems.com', '1416799585599', 622),
(18428035, 'chicosystems.com', '1416799586519', 652),
(18428036, 'sparkfun.com', '1416799587429', 632),
(18428037, '184.21.246.255', '1416799588880', 1177),
(18428038, 'reddit.com', '1416799589809', 639),
(18428039, 'digitalpath.net', '1416799590719', 641),
(18428040, 'hotmail.com', '1416799594709', 0),
(18428041, 'stanford.edu', '1416799595643', 623),
(18428042, 'stanford.edu', '1416799596558', 645),
(18428043, 'comcast.net', '1416799597470', 622),
(18428044, 'imgur.com', '1416799598408', 646),
(18428045, 'earlhart.com', '1416799599549', 866),
(18428046, 'news.com', '1416799600449', 631),
(18428047, 'gmail.com', '1416799604707', 0),
(18428048, 'youtube.com', '1416799605722', 614),
(18428049, 'facebook.com', '1416799609710', 0),
(18428050, 'chicosystems.com', '1416799613707', 0),
(18428051, 'sparkfun.com', '1416799615589', 627),
(18428052, '184.21.246.255', '1416799617118', 1190),
(18428053, '184.21.246.255', '1416799618750', 1185),
(18428054, 'reddit.com', '1416799619689', 662),
(18428055, 'digitalpath.net', '1416799620600', 641),
(18428056, 'hotmail.com', '1416799621528', 660),
(18428057, 'stanford.edu', '1416799625707', 0),
(18428058, 'comcast.net', '1416799626590', 607),
(18428059, 'comcast.net', '1416799627469', 609),
(18428060, 'imgur.com', '1416799628410', 659),
(18428061, 'earlhart.com', '1416799631849', 2971),
(18428062, 'news.com', '1416799632768', 638),
(18428063, 'gmail.com', '1416799633668', 616),
(18428064, 'youtube.com', '1416799634633', 615),
(18428065, 'facebook.com', '1416799635548', 648),
(18428066, 'chicosystems.com', '1416799636437', 618),
(18428067, 'chicosystems.com', '1416799640707', 0),
(18428068, 'sparkfun.com', '1416799641590', 613),
(18428069, '184.21.246.255', '1416799643028', 1178),
(18428070, 'reddit.com', '1416799644017', 699),
(18428071, 'digitalpath.net', '1416799646166', 648),
(18428072, 'hotmail.com', '1416799647087', 643),
(18428073, 'hotmail.com', '1416799648007', 649),
(18428074, 'stanford.edu', '1416799648937', 656),
(18428075, 'comcast.net', '1416799649987', 603),
(18428076, 'imgur.com', '1416799650957', 682),
(18428077, 'earlhart.com', '1416799651870', 645),
(18428078, 'news.com', '1416799652809', 661),
(18428079, 'gmail.com', '1416799653708', 632),
(18428080, 'youtube.com', '1416799654588', 612),
(18428081, 'facebook.com', '1416799655508', 652),
(18428082, 'chicosystems.com', '1416799659706', 0),
(18428083, 'chicosystems.com', '1416799660598', 621),
(18428084, 'sparkfun.com', '1416799661509', 613),
(18428085, '184.21.246.255', '1416799662990', 1181),
(18428086, 'reddit.com', '1416799667207', 0),
(18428087, 'reddit.com', '1416799668177', 691),
(18428088, 'digitalpath.net', '1416799671849', 3363),
(18428089, 'hotmail.com', '1416799672769', 645),
(18428090, 'stanford.edu', '1416799673686', 646),
(18428091, 'comcast.net', '1416799675678', 619),
(18428092, 'imgur.com', '1416799676630', 634),
(18428093, 'earlhart.com', '1416799677547', 648),
(18428094, 'earlhart.com', '1416799678458', 642),
(18428095, 'news.com', '1416799679980', 1146),
(18428096, 'gmail.com', '1416799680868', 613),
(18428097, 'youtube.com', '1416799681867', 701),
(18428098, 'facebook.com', '1416799683308', 1139),
(18428099, 'chicosystems.com', '1416799684237', 644),
(18428100, 'sparkfun.com', '1416799688209', 0),
(18428101, 'sparkfun.com', '1416799689126', 637),
(18428102, '184.21.246.255', '1416799690586', 1197),
(18428103, 'reddit.com', '1416799691526', 670),
(18428104, 'digitalpath.net', '1416799692436', 635),
(18428105, 'hotmail.com', '1416799693366', 647),
(18428106, 'stanford.edu', '1416799694316', 623),
(18428107, 'comcast.net', '1416799696010', 1419),
(18428108, 'imgur.com', '1416799696936', 642),
(18428109, 'earlhart.com', '1416799697877', 659),
(18428110, 'earlhart.com', '1416799698815', 661),
(18428111, 'news.com', '1416799700728', 629),
(18428112, 'gmail.com', '1416799704707', 0),
(18428113, 'youtube.com', '1416799705628', 631),
(18428114, 'facebook.com', '1416799706547', 646),
(18428115, 'chicosystems.com', '1416799707437', 615),
(18428116, 'sparkfun.com', '1416799708387', 641),
(18428117, 'sparkfun.com', '1416799709308', 641),
(18428118, '184.21.246.255', '1416799710749', 1182),
(18428119, 'reddit.com', '1416799711708', 678),
(18428120, 'digitalpath.net', '1416799712597', 620),
(18428121, 'hotmail.com', '1416799713486', 623),
(18428122, 'stanford.edu', '1416799714396', 641),
(18428123, 'comcast.net', '1416799717167', 2439),
(18428124, 'imgur.com', '1416799718098', 650),
(18428125, 'imgur.com', '1416799719037', 670),
(18428126, 'earlhart.com', '1416799719978', 652),
(18428127, 'news.com', '1416799720930', 653),
(18428128, 'gmail.com', '1416799721826', 611),
(18428129, 'youtube.com', '1416799722912', 809),
(18428130, 'facebook.com', '1416799723908', 681),
(18428131, 'chicosystems.com', '1416799726094', 634),
(18428132, 'sparkfun.com', '1416799726988', 628),
(18428133, '184.21.246.255', '1416799728427', 1184),
(18428134, '184.21.246.255', '1416799732175', 3480),
(18428135, 'reddit.com', '1416799733126', 679),
(18428136, 'digitalpath.net', '1416799734037', 639),
(18428137, 'hotmail.com', '1416799734965', 660),
(18428138, 'stanford.edu', '1416799735875', 636),
(18428139, 'comcast.net', '1416799736986', 630),
(18428140, 'imgur.com', '1416799737935', 668),
(18428141, 'earlhart.com', '1416799739179', 661),
(18428142, 'earlhart.com', '1416799740142', 663),
(18428143, 'news.com', '1416799744208', 0),
(18428144, 'gmail.com', '1416799745107', 626),
(18428145, 'youtube.com', '1416799746230', 638),
(18428146, 'facebook.com', '1416799750207', 0),
(18428147, 'facebook.com', '1416799751413', 661),
(18428148, 'chicosystems.com', '1416799752315', 615),
(18428149, 'sparkfun.com', '1416799753185', 602),
(18428150, '184.21.246.255', '1416799754625', 1173),
(18428151, 'reddit.com', '1416799756662', 691),
(18428152, 'digitalpath.net', '1416799757557', 631),
(18428153, 'hotmail.com', '1416799758486', 661),
(18428154, 'stanford.edu', '1416799759398', 636),
(18428155, 'stanford.edu', '1416799763208', 0),
(18428156, 'comcast.net', '1416799764107', 623),
(18428157, 'imgur.com', '1416799765034', 659),
(18428158, 'earlhart.com', '1416799765936', 634),
(18428159, 'news.com', '1416799766906', 641),
(18428160, 'gmail.com', '1416799770707', 0),
(18428161, 'gmail.com', '1416799771683', 660),
(18428162, 'youtube.com', '1416799772947', 757),
(18428163, 'facebook.com', '1416799773948', 673),
(18428164, 'chicosystems.com', '1416799774834', 620),
(18428165, 'sparkfun.com', '1416799775783', 641),
(18428166, '184.21.246.255', '1416799777225', 1168),
(18428167, 'reddit.com', '1416799778183', 668),
(18428168, 'digitalpath.net', '1416799779116', 639),
(18428169, 'hotmail.com', '1416799780054', 660),
(18428170, 'stanford.edu', '1416799784210', 0),
(18428171, 'comcast.net', '1416799786065', 630),
(18428172, 'imgur.com', '1416799786975', 642),
(18428173, 'earlhart.com', '1416799788053', 644),
(18428174, 'news.com', '1416799788965', 641),
(18428175, 'gmail.com', '1416799790025', 622),
(18428176, 'gmail.com', '1416799790906', 615),
(18428177, 'youtube.com', '1416799795211', 0),
(18428178, 'facebook.com', '1416799796145', 658),
(18428179, 'chicosystems.com', '1416799797035', 621),
(18428180, 'sparkfun.com', '1416799801208', 0),
(18428181, 'sparkfun.com', '1416799802105', 630),
(18428182, '184.21.246.255', '1416799803546', 1184),
(18428183, 'reddit.com', '1416799804514', 698),
(18428184, 'digitalpath.net', '1416799805393', 612),
(18428185, 'hotmail.com', '1416799806363', 665),
(18428186, 'stanford.edu', '1416799807314', 645),
(18428187, 'comcast.net', '1416799808225', 638),
(18428188, 'imgur.com', '1416799809133', 636),
(18428189, 'earlhart.com', '1416799810056', 651),
(18428190, 'earlhart.com', '1416799810973', 647),
(18428191, 'news.com', '1416799812922', 645),
(18428192, 'gmail.com', '1416799813824', 625),
(18428193, 'youtube.com', '1416799814708', 612),
(18428194, 'facebook.com', '1416799815624', 643),
(18428195, 'chicosystems.com', '1416799819712', 0),
(18428196, 'sparkfun.com', '1416799820624', 636),
(18428197, 'sparkfun.com', '1416799821543', 640),
(18428198, '184.21.246.255', '1416799823262', 1191),
(18428199, 'reddit.com', '1416799824244', 688),
(18428200, 'digitalpath.net', '1416799825190', 641),
(18428201, 'hotmail.com', '1416799826083', 623),
(18428202, 'stanford.edu', '1416799826993', 634),
(18428203, 'comcast.net', '1416799827904', 628),
(18428204, 'imgur.com', '1416799829165', 680),
(18428205, 'earlhart.com', '1416799830122', 636),
(18428206, 'news.com', '1416799831053', 663),
(18428207, 'gmail.com', '1416799831944', 609),
(18428208, 'youtube.com', '1416799833025', 731),
(18428209, 'facebook.com', '1416799833984', 695),
(18428210, 'chicosystems.com', '1416799838240', 0),
(18428211, 'sparkfun.com', '1416799840266', 615),
(18428212, '184.21.246.255', '1416799841706', 1184),
(18428213, 'reddit.com', '1416799842660', 679),
(18428214, 'digitalpath.net', '1416799846708', 0),
(18428215, 'hotmail.com', '1416799847604', 628),
(18428216, 'stanford.edu', '1416799848515', 645),
(18428217, 'comcast.net', '1416799849544', 619),
(18428218, 'imgur.com', '1416799850456', 638),
(18428219, 'earlhart.com', '1416799851383', 659),
(18428220, 'news.com', '1416799855208', 0),
(18428221, 'gmail.com', '1416799856106', 626),
(18428222, 'youtube.com', '1416799856985', 612),
(18428223, 'facebook.com', '1416799857908', 654),
(18428224, 'chicosystems.com', '1416799862209', 0),
(18428225, 'chicosystems.com', '1416799863112', 621),
(18428226, 'sparkfun.com', '1416799864354', 606),
(18428227, '184.21.246.255', '1416799865873', 1267),
(18428228, 'reddit.com', '1416799866853', 673),
(18428229, 'digitalpath.net', '1416799867761', 629),
(18428230, 'hotmail.com', '1416799868695', 643),
(18428231, 'stanford.edu', '1416799873247', 3216),
(18428232, 'stanford.edu', '1416799874332', 628),
(18428233, 'comcast.net', '1416799875226', 617),
(18428234, 'imgur.com', '1416799876133', 637),
(18428235, 'earlhart.com', '1416799877063', 662),
(18428236, 'news.com', '1416799877963', 628),
(18428237, 'gmail.com', '1416799878865', 617),
(18428238, 'youtube.com', '1416799879942', 602),
(18428239, 'facebook.com', '1416799880902', 658),
(18428240, 'chicosystems.com', '1416799881871', 640),
(18428241, 'chicosystems.com', '1416799882793', 647),
(18428242, 'sparkfun.com', '1416799886707', 0),
(18428243, '184.21.246.255', '1416799888191', 1200),
(18428244, 'reddit.com', '1416799889205', 711),
(18428245, 'digitalpath.net', '1416799890353', 614),
(18428246, 'hotmail.com', '1416799894265', 0),
(18428247, 'hotmail.com', '1416799895882', 1207),
(18428248, 'stanford.edu', '1416799896791', 638),
(18428249, 'comcast.net', '1416799897712', 633),
(18428250, 'imgur.com', '1416799898697', 669),
(18428251, 'earlhart.com', '1416799900694', 670),
(18428252, 'news.com', '1416799901602', 632),
(18428253, 'gmail.com', '1416799902542', 626),
(18428254, 'youtube.com', '1416799903423', 611),
(18428255, 'facebook.com', '1416799906721', 3021),
(18428256, 'chicosystems.com', '1416799907632', 636),
(18428257, 'sparkfun.com', '1416799908503', 605),
(18428258, '184.21.246.255', '1416799910059', 1181),
(18428259, 'reddit.com', '1416799910991', 664),
(18428260, 'digitalpath.net', '1416799911912', 633),
(18428261, 'digitalpath.net', '1416799916208', 0),
(18428262, 'hotmail.com', '1416799917121', 642),
(18428263, 'stanford.edu', '1416799918062', 668),
(18428264, 'comcast.net', '1416799919032', 678),
(18428265, 'imgur.com', '1416799919931', 632),
(18428266, 'earlhart.com', '1416799924209', 0),
(18428267, 'earlhart.com', '1416799925211', 661),
(18428268, 'news.com', '1416799926122', 644),
(18428269, 'gmail.com', '1416799927022', 618),
(18428270, 'youtube.com', '1416799928382', 1042),
(18428271, 'facebook.com', '1416799930445', 674),
(18428272, 'chicosystems.com', '1416799931385', 670),
(18428273, 'sparkfun.com', '1416799932704', 1049),
(18428274, 'sparkfun.com', '1416799933582', 604),
(18428275, '184.21.246.255', '1416799935020', 1180),
(18428276, 'reddit.com', '1416799935951', 663),
(18428277, 'digitalpath.net', '1416799936871', 633),
(18428278, 'hotmail.com', '1416799940773', 3431),
(18428279, 'stanford.edu', '1416799941689', 634),
(18428280, 'comcast.net', '1416799942621', 638),
(18428281, 'comcast.net', '1416799943502', 608),
(18428282, 'imgur.com', '1416799944413', 639),
(18428283, 'earlhart.com', '1416799945330', 634),
(18428284, 'news.com', '1416799946239', 626),
(18428285, 'gmail.com', '1416799947143', 633),
(18428286, 'youtube.com', '1416799948021', 609),
(18428287, 'facebook.com', '1416799948940', 645),
(18428288, 'chicosystems.com', '1416799949870', 639),
(18428289, 'sparkfun.com', '1416799950748', 608),
(18428290, '184.21.246.255', '1416799952340', 1187),
(18428291, 'reddit.com', '1416799956904', 3153),
(18428292, 'digitalpath.net', '1416799957830', 650),
(18428293, 'hotmail.com', '1416799958760', 658),
(18428294, 'stanford.edu', '1416799962707', 0),
(18428295, 'comcast.net', '1416799963621', 641),
(18428296, 'imgur.com', '1416799964550', 652),
(18428297, 'imgur.com', '1416799965451', 633),
(18428298, 'earlhart.com', '1416799966410', 638),
(18428299, 'news.com', '1416799967477', 790),
(18428300, 'gmail.com', '1416799968382', 633),
(18428301, 'youtube.com', '1416799969260', 608),
(18428302, 'facebook.com', '1416799970223', 652),
(18428303, 'chicosystems.com', '1416799974207', 0),
(18428304, 'chicosystems.com', '1416799978207', 0),
(18428305, 'sparkfun.com', '1416799979114', 639),
(18428306, '184.21.246.255', '1416799983227', 0),
(18428307, 'reddit.com', '1416799984222', 667),
(18428308, 'digitalpath.net', '1416799985149', 632),
(18428309, 'hotmail.com', '1416799986038', 622),
(18428310, 'stanford.edu', '1416799986957', 653),
(18428311, 'comcast.net', '1416799988899', 609),
(18428312, 'imgur.com', '1416799989851', 635),
(18428313, 'earlhart.com', '1416799990769', 640),
(18428314, 'news.com', '1416799991926', 639),
(18428315, 'gmail.com', '1416799992820', 626),
(18428316, 'youtube.com', '1416799993739', 639),
(18428317, 'facebook.com', '1416799994662', 653),
(18428318, 'facebook.com', '1416799995581', 650),
(18428319, 'chicosystems.com', '1416799996510', 633),
(18428320, 'sparkfun.com', '1416799997420', 639),
(18428321, '184.21.246.255', '1416799998860', 1172),
(18428322, 'reddit.com', '1416799999841', 702),
(18428323, 'digitalpath.net', '1416800000750', 641),
(18428324, 'hotmail.com', '1416800004707', 0),
(18428325, 'stanford.edu', '1416800005829', 621),
(18428326, 'comcast.net', '1416800006741', 634),
(18428327, 'imgur.com', '1416800007671', 647),
(18428328, 'earlhart.com', '1416800008608', 666),
(18428329, 'news.com', '1416800009519', 639),
(18428330, 'gmail.com', '1416800010422', 635),
(18428331, 'youtube.com', '1416800012517', 618),
(18428332, 'facebook.com', '1416800013979', 1191),
(18428333, 'chicosystems.com', '1416800014908', 617),
(18428334, 'sparkfun.com', '1416800015819', 637),
(18428335, 'sparkfun.com', '1416800016708', 613),
(18428336, '184.21.246.255', '1416800018207', 1206),
(18428337, 'reddit.com', '1416800019159', 681),
(18428338, 'digitalpath.net', '1416800020069', 635),
(18428339, 'hotmail.com', '1416800021008', 653),
(18428340, 'stanford.edu', '1416800021910', 631),
(18428341, 'comcast.net', '1416800022820', 633),
(18428342, 'imgur.com', '1416800023718', 632),
(18428343, 'earlhart.com', '1416800024905', 915),
(18428344, 'news.com', '1416800025879', 631),
(18428345, 'news.com', '1416800026800', 646),
(18428346, 'gmail.com', '1416800027706', 629),
(18428347, 'youtube.com', '1416800028702', 621),
(18428348, 'facebook.com', '1416800029619', 647),
(18428349, 'chicosystems.com', '1416800030508', 619),
(18428350, 'sparkfun.com', '1416800031419', 640),
(18428351, '184.21.246.255', '1416800034020', 1195),
(18428352, 'reddit.com', '1416800034959', 670),
(18428353, 'digitalpath.net', '1416800035868', 629),
(18428354, 'digitalpath.net', '1416800036749', 611),
(18428355, 'hotmail.com', '1416800040708', 0),
(18428356, 'stanford.edu', '1416800041716', 727),
(18428357, 'comcast.net', '1416800042618', 626),
(18428358, 'imgur.com', '1416800043704', 622),
(18428359, 'earlhart.com', '1416800044608', 636),
(18428360, 'news.com', '1416800045517', 642),
(18428361, 'gmail.com', '1416800046459', 633),
(18428362, 'gmail.com', '1416800047338', 603),
(18428363, 'youtube.com', '1416800048251', 607),
(18428364, 'facebook.com', '1416800049341', 657),
(18428365, 'chicosystems.com', '1416800053207', 0),
(18428366, 'sparkfun.com', '1416800054098', 621),
(18428367, '184.21.246.255', '1416800057905', 3549),
(18428368, '184.21.246.255', '1416800059489', 1328),
(18428369, 'reddit.com', '1416800063707', 0),
(18428370, 'digitalpath.net', '1416800064668', 635),
(18428371, 'hotmail.com', '1416800066637', 660),
(18428372, 'hotmail.com', '1416800067559', 651),
(18428373, 'stanford.edu', '1416800068467', 635),
(18428374, 'comcast.net', '1416800069377', 631),
(18428375, 'imgur.com', '1416800070268', 619),
(18428376, 'earlhart.com', '1416800071233', 669),
(18428377, 'news.com', '1416800072158', 656),
(18428378, 'gmail.com', '1416800073058', 630),
(18428379, 'youtube.com', '1416800073938', 613),
(18428380, 'facebook.com', '1416800075210', 650),
(18428381, 'chicosystems.com', '1416800076148', 665),
(18428382, 'sparkfun.com', '1416800077059', 607),
(18428383, 'sparkfun.com', '1416800077980', 633),
(18428384, '184.21.246.255', '1416800079453', 1168),
(18428385, 'reddit.com', '1416800081171', 1409),
(18428386, 'digitalpath.net', '1416800084914', 3471),
(18428387, 'hotmail.com', '1416800085877', 625),
(18428388, 'stanford.edu', '1416800086787', 640),
(18428389, 'stanford.edu', '1416800087712', 648),
(18428390, 'comcast.net', '1416800088667', 680),
(18428391, 'imgur.com', '1416800090676', 729),
(18428392, 'earlhart.com', '1416800091607', 634),
(18428393, 'news.com', '1416800092517', 643),
(18428394, 'gmail.com', '1416800096708', 0),
(18428395, 'youtube.com', '1416800097617', 619),
(18428396, 'facebook.com', '1416800098537', 649),
(18428397, 'chicosystems.com', '1416800099430', 615),
(18428398, 'sparkfun.com', '1416800100337', 634),
(18428399, '184.21.246.255', '1416800101786', 1194),
(18428400, 'reddit.com', '1416800103547', 1484),
(18428401, 'digitalpath.net', '1416800104427', 614),
(18428402, 'hotmail.com', '1416800105357', 637),
(18428403, 'stanford.edu', '1416800106266', 633),
(18428404, 'comcast.net', '1416800110227', 0),
(18428405, 'comcast.net', '1416800111099', 609),
(18428406, 'imgur.com', '1416800111986', 616),
(18428407, 'earlhart.com', '1416800112927', 651),
(18428408, 'news.com', '1416800113837', 630),
(18428409, 'gmail.com', '1416800114737', 622),
(18428410, 'youtube.com', '1416800115657', 641),
(18428411, 'facebook.com', '1416800117702', 827),
(18428412, 'facebook.com', '1416800118656', 665),
(18428413, 'chicosystems.com', '1416800122711', 0),
(18428414, 'sparkfun.com', '1416800123623', 621),
(18428415, '184.21.246.255', '1416800125056', 1164),
(18428416, 'reddit.com', '1416800125984', 658),
(18428417, 'digitalpath.net', '1416800126880', 627),
(18428418, 'hotmail.com', '1416800127795', 639),
(18428419, 'hotmail.com', '1416800128716', 649),
(18428420, 'stanford.edu', '1416800129628', 635),
(18428421, 'comcast.net', '1416800130821', 661),
(18428422, 'imgur.com', '1416800132080', 986),
(18428423, 'earlhart.com', '1416800133005', 649),
(18428424, 'news.com', '1416800133947', 670),
(18428425, 'gmail.com', '1416800138209', 0),
(18428426, 'gmail.com', '1416800139103', 610),
(18428427, 'youtube.com', '1416800140096', 715),
(18428428, 'facebook.com', '1416800141167', 648),
(18428429, 'chicosystems.com', '1416800142066', 634),
(18428430, 'sparkfun.com', '1416800142979', 635),
(18428431, '184.21.246.255', '1416800145815', 1181),
(18428432, 'reddit.com', '1416800146750', 667),
(18428433, 'digitalpath.net', '1416800147666', 638),
(18428434, 'hotmail.com', '1416800148595', 650),
(18428435, 'stanford.edu', '1416800149505', 642),
(18428436, 'comcast.net', '1416800150855', 1074),
(18428437, 'imgur.com', '1416800151785', 656),
(18428438, 'earlhart.com', '1416800152727', 647),
(18428439, 'news.com', '1416800153636', 637),
(18428440, 'gmail.com', '1416800154536', 623),
(18428441, 'youtube.com', '1416800155457', 637),
(18428442, 'facebook.com', '1416800156455', 710),
(18428443, 'chicosystems.com', '1416800157546', 645),
(18428444, 'sparkfun.com', '1416800161715', 0),
(18428445, 'sparkfun.com', '1416800162614', 620),
(18428446, '184.21.246.255', '1416800164496', 1625),
(18428447, 'reddit.com', '1416800165460', 658),
(18428448, 'digitalpath.net', '1416800166386', 649),
(18428449, 'hotmail.com', '1416800167577', 659),
(18428450, 'stanford.edu', '1416800171710', 0),
(18428451, 'stanford.edu', '1416800173584', 631),
(18428452, 'comcast.net', '1416800174496', 639),
(18428453, 'imgur.com', '1416800178707', 0),
(18428454, 'imgur.com', '1416800179626', 637),
(18428455, 'earlhart.com', '1416800180644', 746),
(18428456, 'news.com', '1416800181556', 636),
(18428457, 'gmail.com', '1416800184578', 2754),
(18428458, 'youtube.com', '1416800185636', 609),
(18428459, 'facebook.com', '1416800186579', 671),
(18428460, 'chicosystems.com', '1416800187504', 626),
(18428461, 'sparkfun.com', '1416800188374', 602),
(18428462, '184.21.246.255', '1416800192208', 0),
(18428463, '184.21.246.255', '1416800196208', 0),
(18428464, 'reddit.com', '1416800197145', 668),
(18428465, 'digitalpath.net', '1416800198146', 635),
(18428466, 'hotmail.com', '1416800199073', 660),
(18428467, 'hotmail.com', '1416800199995', 653),
(18428468, 'stanford.edu', '1416800204211', 0),
(18428469, 'comcast.net', '1416800205094', 611),
(18428470, 'imgur.com', '1416800205983', 620),
(18428471, 'earlhart.com', '1416800207918', 743),
(18428472, 'news.com', '1416800208915', 660),
(18428473, 'gmail.com', '1416800210136', 634),
(18428474, 'youtube.com', '1416800211016', 606),
(18428475, 'facebook.com', '1416800211974', 675),
(18428476, 'chicosystems.com', '1416800216320', 0),
(18428477, 'sparkfun.com', '1416800217919', 1331),
(18428478, '184.21.246.255', '1416800219374', 1183),
(18428479, '184.21.246.255', '1416800220854', 1219),
(18428480, 'reddit.com', '1416800221784', 657),
(18428481, 'digitalpath.net', '1416800222718', 650),
(18428482, 'hotmail.com', '1416800223636', 650),
(18428483, 'stanford.edu', '1416800227707', 0),
(18428484, 'comcast.net', '1416800228613', 634),
(18428485, 'imgur.com', '1416800229516', 625),
(18428486, 'imgur.com', '1416800233707', 0),
(18428487, 'earlhart.com', '1416800234644', 647),
(18428488, 'news.com', '1416800235554', 643),
(18428489, 'gmail.com', '1416800236454', 632),
(18428490, 'youtube.com', '1416800237374', 627),
(18428491, 'facebook.com', '1416800242210', 0),
(18428492, 'facebook.com', '1416800243262', 778),
(18428493, 'chicosystems.com', '1416800244144', 616),
(18428494, 'sparkfun.com', '1416800245053', 642),
(18428495, '184.21.246.255', '1416800246737', 1194),
(18428496, 'reddit.com', '1416800250732', 0),
(18428497, 'reddit.com', '1416800251632', 632),
(18428498, 'digitalpath.net', '1416800252542', 643),
(18428499, 'hotmail.com', '1416800253442', 632),
(18428500, 'stanford.edu', '1416800254342', 623),
(18428501, 'comcast.net', '1416800255256', 639),
(18428502, 'imgur.com', '1416800256143', 620),
(18428503, 'earlhart.com', '1416800257043', 635),
(18428504, 'news.com', '1416800258280', 657),
(18428505, 'gmail.com', '1416800259175', 610),
(18428506, 'youtube.com', '1416800260054', 612),
(18428507, 'youtube.com', '1416800260932', 608),
(18428508, 'facebook.com', '1416800261856', 657),
(18428509, 'chicosystems.com', '1416800265710', 0),
(18428510, 'sparkfun.com', '1416800266613', 633),
(18428511, '184.21.246.255', '1416800269013', 1169),
(18428512, 'reddit.com', '1416800270197', 638),
(18428513, 'digitalpath.net', '1416800271102', 634),
(18428514, 'hotmail.com', '1416800271992', 621),
(18428515, 'stanford.edu', '1416800276209', 0),
(18428516, 'comcast.net', '1416800277135', 632),
(18428517, 'imgur.com', '1416800281478', 0),
(18428518, 'imgur.com', '1416800283605', 1851),
(18428519, 'earlhart.com', '1416800287709', 0),
(18428520, 'news.com', '1416800288632', 655),
(18428521, 'gmail.com', '1416800289533', 632),
(18428522, 'youtube.com', '1416800290453', 612),
(18428523, 'facebook.com', '1416800291374', 650),
(18428524, 'chicosystems.com', '1416800292263', 623),
(18428525, 'sparkfun.com', '1416800293172', 631),
(18428526, '184.21.246.255', '1416800294661', 1199),
(18428527, 'reddit.com', '1416800295573', 644),
(18428528, 'digitalpath.net', '1416800296462', 614),
(18428529, 'hotmail.com', '1416800297391', 640),
(18428530, 'stanford.edu', '1416800298302', 642),
(18428531, 'comcast.net', '1416800300293', 622),
(18428532, 'imgur.com', '1416800304208', 0),
(18428533, 'imgur.com', '1416800305136', 657),
(18428534, 'earlhart.com', '1416800306321', 652),
(18428535, 'news.com', '1416800307269', 641),
(18428536, 'gmail.com', '1416800308172', 627),
(18428537, 'youtube.com', '1416800309052', 607),
(18428538, 'facebook.com', '1416800310012', 647),
(18428539, 'chicosystems.com', '1416800310943', 643),
(18428540, 'sparkfun.com', '1416800312092', 623),
(18428541, '184.21.246.255', '1416800313532', 1170),
(18428542, 'reddit.com', '1416800314472', 656),
(18428543, 'digitalpath.net', '1416800315421', 619),
(18428544, 'hotmail.com', '1416800317942', 2253),
(18428545, 'stanford.edu', '1416800318821', 613),
(18428546, 'comcast.net', '1416800319773', 617),
(18428547, 'imgur.com', '1416800320693', 654),
(18428548, 'earlhart.com', '1416800321601', 639),
(18428549, 'earlhart.com', '1416800322522', 648),
(18428550, 'news.com', '1416800323474', 657);

-- --------------------------------------------------------

--
-- Table structure for table `notes`
--

CREATE TABLE IF NOT EXISTS `notes` (
`id` int(11) NOT NULL,
  `deviceID` int(11) NOT NULL,
  `userID` int(11) NOT NULL,
  `timestamp` text NOT NULL,
  `content` text NOT NULL
) ENGINE=InnoDB  DEFAULT CHARSET=latin1 AUTO_INCREMENT=28 ;

--
-- Dumping data for table `notes`
--

INSERT INTO `notes` (`id`, `deviceID`, `userID`, `timestamp`, `content`) VALUES
(1, 12, 1, '1407615812000', 'Customer has been experiencing intermittent problems with connecting. I''d like us to monitor this for the day.'),
(2, 12, 1, '1407616812000', 'This is continuing to have problems as of today.'),
(3, 12, 1, '1407617812000', 'Customer went off line again at midnight. It looks like it could be maintenance work with their ISP.'),
(4, 12, 2, '1407618812000', 'Logged in to test this just now. It''s looking good as of this time.'),
(6, 12, 1, '1407619912000', 'I called their ISP. Looks like they are on a wireless connection. Had their ISP do some rechanneling, latency went WAY WAY down.'),
(7, 12, 2, '1407620912000', 'Nope, they called up again this morning, they are still having problems.'),
(8, 12, 1, '1407622912000', 'I called back the customer.\r\nHad them turn their computer off and then back on again.\r\nEverything is working fine now. Why didn''t we think of this before.'),
(9, 12, 2, '1407624912000', 'That''s genius. Let''s monitor this for a little while longer. If it''s good by tomorrow we can stop worring about it.'),
(10, 12, 1, '1407634912000', 'Removing...'),
(12, 7, 1, '1409374477842', 'first'),
(13, 12, 1, '1409374558399', 'asdf'),
(14, 12, 1, '1409443785653', 'sdfhyiikihk'),
(15, 12, 1, '1409706238282', 'monitoring'),
(16, 5, 1, '1409706511533', 'Start monitoring this now.'),
(17, 12, 1, '1410211123271', 'notes'),
(18, 6, 1, '1416160800360', 'test'),
(19, 6, 1, '1416160911610', 'hi'),
(20, 6, 1, '1416160957082', 'test2'),
(21, 9, 1, '1416165066173', ''),
(22, 9, 1, '1416165066173', 'test'),
(23, 12, 1, '1416172578442', 'still watching this baby'),
(24, 5, 1, '1416251550985', 'it''s looking, really, pretty good.'),
(25, 12, 1, '1416513233288', 'test'),
(26, 5, 1, '1416549171847', 'this is a note'),
(27, 15, 1, '1416681857689', 'Device is offline.');

-- --------------------------------------------------------

--
-- Table structure for table `subscriptions`
--

CREATE TABLE IF NOT EXISTS `subscriptions` (
`id` int(11) NOT NULL,
  `user_id` int(11) NOT NULL,
  `record_id` int(11) NOT NULL,
  `notify_if_over_latency` int(11) NOT NULL,
  `notify_after_time_seconds` int(11) NOT NULL
) ENGINE=MyISAM  DEFAULT CHARSET=latin1 AUTO_INCREMENT=2 ;

--
-- Dumping data for table `subscriptions`
--

INSERT INTO `subscriptions` (`id`, `user_id`, `record_id`, `notify_if_over_latency`, `notify_after_time_seconds`) VALUES
(1, 1, 1, 250, 60);

-- --------------------------------------------------------

--
-- Table structure for table `timers`
--

CREATE TABLE IF NOT EXISTS `timers` (
`id` int(11) NOT NULL,
  `name` text NOT NULL,
  `value` text NOT NULL
) ENGINE=InnoDB  DEFAULT CHARSET=latin1 AUTO_INCREMENT=10 ;

--
-- Dumping data for table `timers`
--

INSERT INTO `timers` (`id`, `name`, `value`) VALUES
(3, 'fiveMinuteTimer', '1416800624811'),
(4, 'fifteenMinuteTimer', '1416800906207'),
(5, 'hourTimer', '1416803605124'),
(6, 'twelveHourTimer', '1416821051622'),
(7, 'dayTimer', '1416867462927'),
(8, 'fourtyEightHourTimer', '1416852882292'),
(9, 'weekTimer', '1416806761574');

-- --------------------------------------------------------

--
-- Table structure for table `users`
--

CREATE TABLE IF NOT EXISTS `users` (
`id` int(11) NOT NULL,
  `usr` varchar(32) CHARACTER SET utf8 COLLATE utf8_unicode_ci NOT NULL,
  `email` text NOT NULL,
  `subscriptions` text NOT NULL,
  `admin_level` int(1) NOT NULL,
  `pass` varchar(32) CHARACTER SET utf8 COLLATE utf8_unicode_ci NOT NULL,
  `regIP` varchar(15) CHARACTER SET utf8 COLLATE utf8_unicode_ci NOT NULL,
  `dt` datetime NOT NULL
) ENGINE=MyISAM  DEFAULT CHARSET=latin1 AUTO_INCREMENT=16 ;

--
-- Dumping data for table `users`
--

INSERT INTO `users` (`id`, `usr`, `email`, `subscriptions`, `admin_level`, `pass`, `regIP`, `dt`) VALUES
(1, 'itravers', 'isaac.a.travers@gmail.com', '', 10, '8b047144fb28065ed57512f8ab89eca5', '', '0000-00-00 00:00:00'),
(2, 'test', 'test@test.com', '', 0, '098f6bcd4621d373cade4e832627b4f6', '', '0000-00-00 00:00:00'),
(3, 'slack', 'confusedvirtuoso@gmail.com', '', 10, '8b047144fb28065ed57512f8ab89eca5', '', '0000-00-00 00:00:00'),
(4, 'test2', 'test2@test2.com', '', 9, '098f6bcd4621d373cade4e832627b4f6', '', '0000-00-00 00:00:00'),
(14, 'test3', '', '', 10, '098f6bcd4621d373cade4e832627b4f6', '', '0000-00-00 00:00:00'),
(15, 'zenrix', '', '', 2, '8b047144fb28065ed57512f8ab89eca5', '', '0000-00-00 00:00:00');

-- --------------------------------------------------------

--
-- Table structure for table `week`
--

CREATE TABLE IF NOT EXISTS `week` (
`id` int(11) NOT NULL,
  `ip` text NOT NULL,
  `time` text NOT NULL,
  `latency` text NOT NULL
) ENGINE=InnoDB  DEFAULT CHARSET=latin1 AUTO_INCREMENT=1497 ;

--
-- Dumping data for table `week`
--

INSERT INTO `week` (`id`, `ip`, `time`, `latency`) VALUES
(1116, 'two.com', '1414343292758', '-1'),
(1117, 'digitalpath.com', '1414343291973', '74'),
(1118, 'digg.com', '1414343293052', '-1'),
(1119, 'news.com', '1414343291928', '5'),
(1120, 'one.com', '1414343291379', '114'),
(1121, 'plesk.com', '1414343291854', '90'),
(1122, 'gmail.com', '1414343292067', '82'),
(1123, 'hotmail.com', '1414343292092', '71'),
(1124, 'earlhart.com', '1414343291870', '34'),
(1125, 'digitalpath.net', '1414343291706', '81'),
(1126, 'chicosystems.com', '1414343292094', '0'),
(1127, 'two.com', '1414429729487', '-1'),
(1128, 'digitalpath.com', '1414429729262', '79'),
(1129, 'digg.com', '1414429729994', '-1'),
(1130, 'news.com', '1414429729354', '11'),
(1131, 'one.com', '1414429729495', '115'),
(1132, 'plesk.com', '1414429729610', '100'),
(1133, 'gmail.com', '1414429729009', '70'),
(1134, 'hotmail.com', '1414429729518', '75'),
(1135, 'earlhart.com', '1414429729445', '52'),
(1136, 'digitalpath.net', '1414429729171', '79'),
(1137, 'chicosystems.com', '1414429729335', '0'),
(1138, 'two.com', '1414516167550', '-1'),
(1139, 'digitalpath.com', '1414516166852', '71'),
(1140, 'digg.com', '1414516167442', '-1'),
(1141, 'news.com', '1414516166632', '8'),
(1142, 'one.com', '1414516167681', '114'),
(1143, 'plesk.com', '1414516167196', '76'),
(1144, 'gmail.com', '1414516166897', '57'),
(1145, 'hotmail.com', '1414516166865', '66'),
(1146, 'earlhart.com', '1414516166682', '43'),
(1147, 'digitalpath.net', '1414516166991', '69'),
(1148, 'chicosystems.com', '1414516167228', '0'),
(1149, 'two.com', '1414602604352', '-1'),
(1150, 'digitalpath.com', '1414602604546', '61'),
(1151, 'digg.com', '1414602604760', '-1'),
(1152, 'news.com', '1414602604301', '2'),
(1153, 'one.com', '1414602603771', '106'),
(1154, 'plesk.com', '1414602603911', '45'),
(1155, 'gmail.com', '1414602603895', '40'),
(1156, 'hotmail.com', '1414602604323', '44'),
(1157, 'earlhart.com', '1414602604353', '36'),
(1158, 'digitalpath.net', '1414602603685', '62'),
(1159, 'chicosystems.com', '1414602604240', '0'),
(1160, 'two.com', '1414688989652', '-1'),
(1161, 'digitalpath.com', '1414688989180', '65'),
(1162, 'digg.com', '1414688989119', '-1'),
(1163, 'news.com', '1414688989241', '1'),
(1164, 'one.com', '1414688989788', '110'),
(1165, 'plesk.com', '1414688988813', '41'),
(1166, 'gmail.com', '1414688989140', '33'),
(1167, 'hotmail.com', '1414688989021', '34'),
(1168, 'earlhart.com', '1414688989273', '35'),
(1169, 'digitalpath.net', '1414688989432', '69'),
(1170, 'chicosystems.com', '1414688989516', '0'),
(1171, 'two.com', '1414775328052', '-1'),
(1172, 'digitalpath.com', '1414775327494', '87'),
(1173, 'digg.com', '1414775327968', '-1'),
(1174, 'news.com', '1414775327839', '2'),
(1175, 'one.com', '1414775326797', '113'),
(1176, 'plesk.com', '1414775327123', '62'),
(1177, 'gmail.com', '1414775327388', '37'),
(1178, 'hotmail.com', '1414775327502', '39'),
(1179, 'earlhart.com', '1414775328129', '34'),
(1180, 'digitalpath.net', '1414775327465', '80'),
(1181, 'chicosystems.com', '1414775327554', '0'),
(1182, 'digitalpath.com', '1414861764301', '64'),
(1183, 'two.com', '1414861764139', '-1'),
(1184, 'digg.com', '1414861764788', '-1'),
(1185, 'news.com', '1414861764048', '1'),
(1186, 'one.com', '1414861764172', '110'),
(1187, 'plesk.com', '1414861764342', '40'),
(1188, 'gmail.com', '1414861764059', '33'),
(1189, 'hotmail.com', '1414861763874', '32'),
(1190, 'earlhart.com', '1414861763921', '34'),
(1191, 'digitalpath.net', '1414861763866', '65'),
(1192, 'chicosystems.com', '1414861764101', '0'),
(1193, 'two.com', '1414948201231', '-1'),
(1194, 'digitalpath.com', '1414948200905', '64'),
(1195, 'digg.com', '1414948201783', '-1'),
(1196, 'news.com', '1414948200804', '1'),
(1197, 'one.com', '1414948200806', '110'),
(1198, 'plesk.com', '1414948200317', '40'),
(1199, 'gmail.com', '1414948200469', '33'),
(1200, 'hotmail.com', '1414948201093', '32'),
(1201, 'earlhart.com', '1414948201472', '34'),
(1202, 'digitalpath.net', '1414948200764', '65'),
(1203, 'chicosystems.com', '1414948200681', '0'),
(1204, 'two.com', '1415034637966', '-1'),
(1205, 'digitalpath.com', '1415034637386', '64'),
(1206, 'digg.com', '1415034637177', '-1'),
(1207, 'news.com', '1415034637579', '1'),
(1208, 'one.com', '1415034637751', '111'),
(1209, 'plesk.com', '1415034637398', '39'),
(1210, 'gmail.com', '1415034637541', '33'),
(1211, 'hotmail.com', '1415034637556', '32'),
(1212, 'earlhart.com', '1415034637554', '35'),
(1213, 'digitalpath.net', '1415034637302', '65'),
(1214, 'chicosystems.com', '1415034637750', '0'),
(1215, 'two.com', '1415121074616', '-1'),
(1216, 'digitalpath.com', '1415121074475', '64'),
(1217, 'digg.com', '1415121074901', '-1'),
(1218, 'news.com', '1415121074713', '1'),
(1219, 'one.com', '1415121074686', '108'),
(1220, 'plesk.com', '1415121074502', '40'),
(1221, 'gmail.com', '1415121074632', '21'),
(1222, 'hotmail.com', '1415121074561', '33'),
(1223, 'earlhart.com', '1415121074335', '35'),
(1224, 'digitalpath.net', '1415121074569', '66'),
(1225, 'chicosystems.com', '1415121074598', '0'),
(1226, 'two.com', '1415207500970', '-1'),
(1227, 'digitalpath.com', '1415207512802', '66'),
(1228, 'digg.com', '1415207501010', '-1'),
(1229, 'news.com', '1415207500012', '3'),
(1230, 'one.com', '1415207493326', '108'),
(1231, 'plesk.com', '1415207493432', '43'),
(1232, 'gmail.com', '1415207506442', '51'),
(1233, 'hotmail.com', '1415207480141', '57'),
(1234, 'earlhart.com', '1415207500227', '36'),
(1235, 'digitalpath.net', '1415207499890', '67'),
(1236, 'chicosystems.com', '1415207506392', '0'),
(1237, 'digitalpath.com', '1415293806253', '64'),
(1238, 'two.com', '1415293806803', '-1'),
(1239, 'digg.com', '1415293819807', '-1'),
(1240, 'news.com', '1415293806406', '1'),
(1241, 'one.com', '1415293799856', '108'),
(1242, 'plesk.com', '1415293806414', '40'),
(1243, 'gmail.com', '1415293806267', '60'),
(1244, 'hotmail.com', '1415293806050', '62'),
(1245, 'earlhart.com', '1415293806095', '36'),
(1246, 'digitalpath.net', '1415293806346', '66'),
(1247, 'chicosystems.com', '1415293799829', '0'),
(1248, 'two.com', '1415380237896', '-1'),
(1249, 'digitalpath.com', '1415380237422', '64'),
(1250, 'digg.com', '1415380237422', '-1'),
(1251, 'news.com', '1415380237520', '1'),
(1252, 'one.com', '1415380237706', '108'),
(1253, 'plesk.com', '1415380237605', '40'),
(1254, 'gmail.com', '1415380237015', '59'),
(1255, 'hotmail.com', '1415380237423', '61'),
(1256, 'earlhart.com', '1415380237352', '36'),
(1257, 'digitalpath.net', '1415380237207', '66'),
(1258, 'chicosystems.com', '1415380237627', '0'),
(1259, 'two.com', '1415466675305', '-1'),
(1260, 'digitalpath.com', '1415466674547', '64'),
(1261, 'digg.com', '1415466674778', '-1'),
(1262, 'news.com', '1415466674869', '2'),
(1263, 'one.com', '1415466674365', '109'),
(1264, 'plesk.com', '1415466674463', '39'),
(1265, 'gmail.com', '1415466674610', '19'),
(1266, 'hotmail.com', '1415466674918', '36'),
(1267, 'earlhart.com', '1415466674381', '37'),
(1268, 'digitalpath.net', '1415466674943', '65'),
(1269, 'chicosystems.com', '1415466674355', '0'),
(1270, 'two.com', '1415553112008', '-1'),
(1271, 'digitalpath.com', '1415553111613', '64'),
(1272, 'digg.com', '1415553111853', '-1'),
(1273, 'news.com', '1415553111431', '1'),
(1274, 'one.com', '1415553111275', '110'),
(1275, 'plesk.com', '1415553111300', '39'),
(1276, 'gmail.com', '1415553111309', '11'),
(1277, 'hotmail.com', '1415553111506', '32'),
(1278, 'earlhart.com', '1415553111863', '34'),
(1279, 'digitalpath.net', '1415553111299', '65'),
(1280, 'chicosystems.com', '1415553111452', '0'),
(1281, 'two.com', '1415639547867', '-1'),
(1282, 'digitalpath.com', '1415639546887', '66'),
(1283, 'digg.com', '1415639547830', '-1'),
(1284, 'news.com', '1415639547331', '2'),
(1285, 'one.com', '1415639546968', '164'),
(1286, 'plesk.com', '1415639547158', '42'),
(1287, 'gmail.com', '1415639546787', '13'),
(1288, 'hotmail.com', '1415639547206', '34'),
(1289, 'earlhart.com', '1415639547181', '38'),
(1290, 'digitalpath.net', '1415639547263', '66'),
(1291, 'chicosystems.com', '1415639547059', '0'),
(1292, 'two.com', '1415725984316', '-1'),
(1293, 'digitalpath.com', '1415725983729', '65'),
(1294, 'digg.com', '1415725984411', '-1'),
(1295, 'news.com', '1415725984066', '2'),
(1296, 'one.com', '1415725983444', '186'),
(1297, 'plesk.com', '1415725984028', '42'),
(1298, 'gmail.com', '1415725983695', '20'),
(1299, 'hotmail.com', '1415725983934', '33'),
(1300, 'earlhart.com', '1415725983214', '36'),
(1301, 'digitalpath.net', '1415725983671', '66'),
(1302, 'chicosystems.com', '1415725983936', '0'),
(1303, 'two.com', '1415812270383', '-1'),
(1304, 'digitalpath.com', '1415812269969', '64'),
(1305, 'digg.com', '1415812270385', '-1'),
(1306, 'news.com', '1415812269723', '6'),
(1307, 'one.com', '1415812270225', '186'),
(1308, 'plesk.com', '1415812270371', '40'),
(1309, 'gmail.com', '1415812270283', '37'),
(1310, 'hotmail.com', '1415812270128', '34'),
(1311, 'earlhart.com', '1415812269828', '40'),
(1312, 'digitalpath.net', '1415812270153', '66'),
(1313, 'chicosystems.com', '1415812270173', '0'),
(1314, 'two.com', '1415898708872', '-1'),
(1315, 'digitalpath.com', '1415898708452', '72'),
(1316, 'digg.com', '1415898709063', '-1'),
(1317, 'news.com', '1415898708689', '11'),
(1318, 'one.com', '1415898707530', '192'),
(1319, 'plesk.com', '1415898708315', '48'),
(1320, 'gmail.com', '1415898708507', '48'),
(1321, 'hotmail.com', '1415898708426', '55'),
(1322, 'earlhart.com', '1415898708764', '41'),
(1323, 'digitalpath.net', '1415898708422', '73'),
(1324, 'chicosystems.com', '1415898708344', '0'),
(1325, 'two.com', '1415985146473', '-1'),
(1326, 'digitalpath.com', '1415985145659', '64'),
(1327, 'digg.com', '1415985145995', '-1'),
(1328, 'news.com', '1415985145800', '1'),
(1329, 'one.com', '1415985145415', '185'),
(1330, 'plesk.com', '1415985145785', '40'),
(1331, 'gmail.com', '1415985145701', '51'),
(1332, 'hotmail.com', '1415985145699', '61'),
(1333, 'earlhart.com', '1415985145419', '34'),
(1334, 'digitalpath.net', '1415985144959', '65'),
(1335, 'chicosystems.com', '1415985145560', '0'),
(1336, 'two.com', '1416071584233', '-1'),
(1337, 'digitalpath.com', '1416071584181', '78'),
(1338, 'digg.com', '1416071584550', '-1'),
(1339, 'news.com', '1416071583769', '6'),
(1340, 'one.com', '1416071583634', '190'),
(1341, 'plesk.com', '1416071583642', '56'),
(1342, 'gmail.com', '1416071583820', '65'),
(1343, 'hotmail.com', '1416071583843', '72'),
(1344, 'earlhart.com', '1416071584054', '41'),
(1345, 'digitalpath.net', '1416071583751', '77'),
(1346, 'chicosystems.com', '1416071583582', '0'),
(1347, 'two.com', '1416159195782', '556'),
(1348, 'digitalpath.com', '1416159185019', '361'),
(1349, 'digg.com', '1416159184594', '542'),
(1350, 'news.com', '1416159195016', '331'),
(1351, 'one.com', '1416159194251', '477'),
(1352, 'plesk.com', '1416159184972', '341'),
(1353, 'gmail.com', '1416159201335', '376'),
(1354, 'hotmail.com', '1416159194919', '357'),
(1355, 'earlhart.com', '1416159194683', '358'),
(1356, 'digitalpath.net', '1416159184473', '375'),
(1357, 'chicosystems.com', '1416159187900', '328'),
(1358, 'digitalpath.com', '1416244946466', '658'),
(1359, 'two.com', '1416232304816', '0'),
(1360, 'digg.com', '1416232312864', '0'),
(1361, 'news.com', '1416244946514', '672'),
(1362, 'one.com', '1416235919525', '800'),
(1363, 'plesk.com', '1416235919614', '685'),
(1364, 'gmail.com', '1416244945780', '646'),
(1365, 'hotmail.com', '1416244938740', '665'),
(1366, 'earlhart.com', '1416244951490', '687'),
(1367, 'digitalpath.net', '1416244951796', '661'),
(1368, 'chicosystems.com', '1416244945828', '661'),
(1369, 'digitalpath.com', '1416331369751', '574'),
(1370, 'news.com', '1416331374451', '588'),
(1371, 'gmail.com', '1416331374863', '570'),
(1372, 'hotmail.com', '1416331369455', '579'),
(1373, 'earlhart.com', '1416331374443', '602'),
(1374, 'digitalpath.net', '1416331374648', '543'),
(1375, 'chicosystems.com', '1416331368298', '579'),
(1376, 'news.com', '1416719047614', '690'),
(1377, 'plesk.com', '1416720874448', '752'),
(1378, 'dishnetwork.net', '1416721065026', '705'),
(1379, 'dish.net', '1416721061675', '676'),
(1380, 'digitalpath.net', '1416719044585', '726'),
(1381, 'ufcrewards.com', '1416721066487', '672'),
(1382, 'facebook.com', '1416720872649', '785'),
(1383, 'reddit.com', '1416720875152', '704'),
(1384, 'sparkfun.com', '1416722644230', '678'),
(1385, 'directtv.com', '1416721065289', '399'),
(1386, 'twitter.com', '1416721064097', '769'),
(1387, 'cmich.edu', '1416721065196', '714'),
(1388, 'foxnews.com', '1416721063747', '706'),
(1389, 'evangel.edu', '1416721060938', '707'),
(1390, 'youtube.com', '1416722641634', '704'),
(1391, '7up.com', '1416720907934', '721'),
(1392, 'chicosystems.com', '1416719042605', '689'),
(1393, 'bbc.co.uk', '1416721062472', '805'),
(1394, 'stanford.edu', '1416722643310', '701'),
(1395, 'dishnetwork.com', '1416721063940', '711'),
(1396, 'imgur.com', '1416722641861', '773'),
(1397, 'speedtest.net', '1416721065627', '705'),
(1398, 'gmail.com', '1416719046583', '704'),
(1399, 'news.com', '1416719047614', '690'),
(1400, 'plesk.com', '1416720874448', '752'),
(1401, 'dishnetwork.net', '1416721065026', '705'),
(1402, 'dish.net', '1416721061675', '676'),
(1403, 'digitalpath.net', '1416719044585', '726'),
(1404, 'ufcrewards.com', '1416721066487', '672'),
(1405, 'facebook.com', '1416720872649', '785'),
(1406, 'reddit.com', '1416720875152', '704'),
(1407, 'sparkfun.com', '1416722644230', '678'),
(1408, 'directtv.com', '1416721065289', '399'),
(1409, 'twitter.com', '1416721064097', '769'),
(1410, 'cmich.edu', '1416721065196', '714'),
(1411, 'foxnews.com', '1416721063747', '706'),
(1412, 'evangel.edu', '1416721060938', '707'),
(1413, 'youtube.com', '1416722641634', '704'),
(1414, '7up.com', '1416720907934', '721'),
(1415, 'chicosystems.com', '1416719042605', '689'),
(1416, 'bbc.co.uk', '1416721062472', '805'),
(1417, 'stanford.edu', '1416722643310', '701'),
(1418, 'dishnetwork.com', '1416721063940', '711'),
(1419, 'imgur.com', '1416722641861', '773'),
(1420, 'speedtest.net', '1416721065627', '705'),
(1421, 'gmail.com', '1416719046583', '704'),
(1422, 'comcast.net', '1416722642249', '763'),
(1423, 'news.com', '1416719047614', '690'),
(1424, 'plesk.com', '1416720874448', '752'),
(1425, 'dishnetwork.net', '1416721065026', '705'),
(1426, 'dish.net', '1416721061675', '676'),
(1427, 'digitalpath.net', '1416719044585', '726'),
(1428, 'ufcrewards.com', '1416721066487', '672'),
(1429, 'facebook.com', '1416720872649', '785'),
(1430, 'reddit.com', '1416720875152', '704'),
(1431, 'sparkfun.com', '1416722644230', '678'),
(1432, 'directtv.com', '1416721065289', '399'),
(1433, 'twitter.com', '1416721064097', '769'),
(1434, 'cmich.edu', '1416721065196', '714'),
(1435, 'foxnews.com', '1416721063747', '706'),
(1436, 'evangel.edu', '1416721060938', '707'),
(1437, 'youtube.com', '1416722641634', '704'),
(1438, 'news.com', '1416719047614', '690'),
(1439, 'plesk.com', '1416720874448', '752'),
(1440, 'dishnetwork.net', '1416721065026', '705'),
(1441, 'dish.net', '1416721061675', '676'),
(1442, 'digitalpath.net', '1416719044585', '726'),
(1443, 'ufcrewards.com', '1416721066487', '672'),
(1444, 'facebook.com', '1416720872649', '785'),
(1445, 'reddit.com', '1416720875152', '704'),
(1446, 'sparkfun.com', '1416722644230', '678'),
(1447, 'directtv.com', '1416721065289', '399'),
(1448, 'twitter.com', '1416721064097', '769'),
(1449, 'cmich.edu', '1416721065196', '714'),
(1450, 'foxnews.com', '1416721063747', '706'),
(1451, 'evangel.edu', '1416721060938', '707'),
(1452, 'youtube.com', '1416722641634', '704'),
(1453, '7up.com', '1416720907934', '721'),
(1454, 'chicosystems.com', '1416719042605', '689'),
(1455, 'bbc.co.uk', '1416721062472', '805'),
(1456, 'stanford.edu', '1416722643310', '701'),
(1457, 'dishnetwork.com', '1416721063940', '711'),
(1458, 'imgur.com', '1416722641861', '773'),
(1459, 'speedtest.net', '1416721065627', '705'),
(1460, 'gmail.com', '1416719046583', '704'),
(1461, 'comcast.net', '1416722642249', '763'),
(1462, 'two.com', '1416719047679', '0'),
(1463, '192.168.2.1', '1416717624302', '1'),
(1464, '184.21.246.255', '1416722641098', '920'),
(1465, 'news.com', '1416719047614', '690'),
(1466, 'plesk.com', '1416720874448', '752'),
(1467, 'dishnetwork.net', '1416721065026', '705'),
(1468, 'dish.net', '1416721061675', '676'),
(1469, 'digitalpath.net', '1416719044585', '726'),
(1470, 'ufcrewards.com', '1416721066487', '672'),
(1471, 'facebook.com', '1416720872649', '785'),
(1472, 'reddit.com', '1416720875152', '704'),
(1473, 'sparkfun.com', '1416722644230', '678'),
(1474, 'directtv.com', '1416721065289', '399'),
(1475, 'twitter.com', '1416721064097', '769'),
(1476, 'cmich.edu', '1416721065196', '714'),
(1477, 'foxnews.com', '1416721063747', '706'),
(1478, 'evangel.edu', '1416721060938', '707'),
(1479, 'youtube.com', '1416722641634', '704'),
(1480, '7up.com', '1416720907934', '721'),
(1481, 'chicosystems.com', '1416719042605', '689'),
(1482, 'bbc.co.uk', '1416721062472', '805'),
(1483, 'stanford.edu', '1416722643310', '701'),
(1484, 'dishnetwork.com', '1416721063940', '711'),
(1485, 'imgur.com', '1416722641861', '773'),
(1486, 'speedtest.net', '1416721065627', '705'),
(1487, 'gmail.com', '1416719046583', '704'),
(1488, 'comcast.net', '1416722642249', '763'),
(1489, 'two.com', '1416719047679', '0'),
(1490, '192.168.2.1', '1416717624302', '1'),
(1491, '184.21.246.255', '1416722641098', '920'),
(1492, 'hotmail.com', '1416719046119', '700'),
(1493, 'hbo.net', '1416721063516', '707'),
(1494, 'earlhart.com', '1416719046589', '730'),
(1495, 'wargaming.net', '1416720915215', '685'),
(1496, 'he.net', '1416721064772', '759');

-- --------------------------------------------------------

--
-- Table structure for table `year`
--

CREATE TABLE IF NOT EXISTS `year` (
`id` int(11) NOT NULL,
  `ip` text NOT NULL,
  `time` text NOT NULL,
  `latency` text NOT NULL
) ENGINE=InnoDB  DEFAULT CHARSET=latin1 AUTO_INCREMENT=233 ;

--
-- Dumping data for table `year`
--

INSERT INTO `year` (`id`, `ip`, `time`, `latency`) VALUES
(1, 'digitalpath.com', '1406417036175', '641'),
(2, 'news.com', '1406417037999', '644'),
(3, 'hbo.com', '1406417035147', '-1'),
(4, 'fightnight.com', '1406417038667', '-1'),
(5, 'news.net', '1406417039821', '-1'),
(6, 'myspace.com', '1406417034978', '629'),
(7, 'hello.org', '1406417039670', '-1'),
(8, 'gmail.com', '1406417037402', '635'),
(9, 'xnxx.com', '1406417035256', '-1'),
(10, 'hello.com', '1406417040902', '-1'),
(11, 'xhamster.com', '1406417034031', '731'),
(12, 'facebook.com', '1406417037169', '671'),
(13, 'microsoft.com', '1406417046164', '-1'),
(14, 'hello.net', '1406417041824', '-1'),
(15, 'reddit.com', '1406417036153', '644'),
(16, 'google.com', '1406417038137', '641'),
(17, 'new.com', '1406417036866', '643'),
(18, 'w3schools.com', '1406417029249', '-1'),
(19, 'hotmail.com', '1406417037392', '654'),
(20, 'youtube.com', '1406417038539', '633'),
(21, 'new.net', '1406417037151', '-1'),
(22, 'digitalpath.com', '1406684655800', '327'),
(23, 'digg.com', '1406685749251', '-1'),
(24, 'news.com', '1406683492877', '293'),
(25, 'three.com', '1406686835458', '456'),
(26, 'myspace.com', '1406683486579', '285'),
(27, 'news.net', '1406423892758', '-1'),
(28, 'plesk.com', '1406686126902', '336'),
(29, 'tiltservers.com', '1406686126496', '279'),
(30, 'digitalpath.net', '1406684711868', '338'),
(31, 'facebook.com', '1406683483074', '345'),
(32, 'reddit.com', '1406684044470', '315'),
(33, 'one.com', '1406686126170', '460'),
(34, 'youtube.com', '1406423890480', '640'),
(35, 'new.net', '1406423890477', '-1'),
(36, 'seven.com', '1406686126991', '288'),
(37, 'chicosystems.com', '1406685749551', '280'),
(38, 'five.com', '1406686127001', '-1'),
(39, 'fightnight.com', '1406423889989', '-1'),
(40, 'hbo.com', '1406423889798', '-1'),
(41, 'hello.org', '1406423889350', '-1'),
(42, 'gmail.com', '1406684032041', '288'),
(43, 'xnxx.com', '1406423888869', '-1'),
(44, 'hello.com', '1406423888531', '-1'),
(45, 'xhamster.com', '1406423890284', '757'),
(46, 'four.com', '1406686126876', '350'),
(47, 'two.com', '1406686126535', '-1'),
(48, 'microsoft.com', '1406423890184', '-1'),
(49, 'hello.net', '1406423889039', '-1'),
(50, 'tiltservers.net', '1406686126971', '0'),
(51, 'new.com', '1406423890335', '643'),
(52, 'google.com', '1406683864597', '285'),
(53, 'six.com', '1406686126381', '289'),
(54, 'w3schools.com', '1406423888527', '-1'),
(55, 'hotmail.com', '1406684032226', '332'),
(56, 'earlhart.com', '1406685297945', '0'),
(57, 'digitalpath.com', '1407293190229', '83'),
(58, 'digg.com', '1407249962437', '-1'),
(59, 'news.com', '1407249962269', '19'),
(60, 'five.com', '1407293188159', '-1'),
(61, 'three.com', '1407249961521', '183'),
(62, 'plesk.com', '1407249963617', '78'),
(63, 'myspace.com', '1407249960969', '15'),
(64, 'gmail.com', '1407249963520', '23'),
(65, 'tiltservers.com', '1407293189333', '0'),
(66, 'digitalpath.net', '1407293190309', '86'),
(67, 'four.com', '1407293188075', '89'),
(68, 'two.com', '1407249961281', '-1'),
(69, 'facebook.com', '1407249960798', '69'),
(70, 'tiltservers.net', '1407293188134', '0'),
(71, 'reddit.com', '1407249963613', '35'),
(72, 'one.com', '1407249965784', '185'),
(73, 'google.com', '1407249964644', '23'),
(74, 'six.com', '1407293191435', '21'),
(75, 'hotmail.com', '1407249964813', '64'),
(76, 'earlhart.com', '1407249961001', '0'),
(77, 'chicosystems.com', '1407249961112', '0'),
(78, 'seven.com', '1407293190138', '18'),
(79, 'two.com', '1407898056442', '-1'),
(80, 'digitalpath.com', '1407898055769', '77'),
(81, 'digg.com', '1407898056440', '-1'),
(82, 'news.com', '1407898055428', '18'),
(83, 'one.com', '1407898055448', '184'),
(84, 'plesk.com', '1407898055736', '73'),
(85, 'gmail.com', '1407898055626', '25'),
(86, 'hotmail.com', '1407898055711', '63'),
(87, 'earlhart.com', '1407898055733', '31'),
(88, 'digitalpath.net', '1407898055352', '81'),
(89, 'chicosystems.com', '1407898055709', '0'),
(90, 'digitalpath.com', '1408596901462', '64'),
(91, 'two.com', '1408596900794', '-1'),
(92, 'digg.com', '1408596901142', '-1'),
(93, 'news.com', '1408596900564', '18'),
(94, 'one.com', '1408596901402', '184'),
(95, 'plesk.com', '1408596900267', '67'),
(96, 'gmail.com', '1408596901603', '62'),
(97, 'hotmail.com', '1408596901401', '64'),
(98, 'earlhart.com', '1408596900232', '34'),
(99, 'digitalpath.net', '1408596900540', '69'),
(100, 'chicosystems.com', '1408596901563', '0'),
(101, 'two.com', '1409201784034', '-1'),
(102, 'digitalpath.com', '1409201783464', '64'),
(103, 'digg.com', '1409201783925', '-1'),
(104, 'news.com', '1409201783343', '11'),
(105, 'one.com', '1409201783187', '184'),
(106, 'plesk.com', '1409201783417', '56'),
(107, 'gmail.com', '1409201783205', '59'),
(108, 'hotmail.com', '1409201783125', '62'),
(109, 'earlhart.com', '1409201783465', '34'),
(110, 'digitalpath.net', '1409201783034', '67'),
(111, 'chicosystems.com', '1409201783018', '0'),
(112, 'digitalpath.com', '1409806669257', '64'),
(113, 'two.com', '1409806670898', '-1'),
(114, 'digg.com', '1409806669693', '-1'),
(115, 'news.com', '1409806669264', '1'),
(116, 'one.com', '1409806667018', '183'),
(117, 'plesk.com', '1409806668225', '57'),
(118, 'gmail.com', '1409806671269', '60'),
(119, 'hotmail.com', '1409806668106', '63'),
(120, 'earlhart.com', '1409806667995', '35'),
(121, 'digitalpath.net', '1409806669258', '68'),
(122, 'chicosystems.com', '1409806668088', '0'),
(123, 'two.com', '1410411546715', '-1'),
(124, 'digitalpath.com', '1410411546014', '63'),
(125, 'digg.com', '1410411546660', '-1'),
(126, 'news.com', '1410411546234', '1'),
(127, 'one.com', '1410411545896', '185'),
(128, 'plesk.com', '1410411545966', '58'),
(129, 'gmail.com', '1410411545997', '60'),
(130, 'hotmail.com', '1410411545950', '62'),
(131, 'earlhart.com', '1410411545980', '35'),
(132, 'digitalpath.net', '1410411546106', '66'),
(133, 'chicosystems.com', '1410411546119', '0'),
(134, 'digitalpath.com', '1411016428981', '64'),
(135, 'two.com', '1411016434912', '-1'),
(136, 'digg.com', '1411016432762', '-1'),
(137, 'news.com', '1411016431161', '1'),
(138, 'one.com', '1411016431024', '175'),
(139, 'plesk.com', '1411016432418', '60'),
(140, 'gmail.com', '1411016433435', '67'),
(141, 'hotmail.com', '1411016431201', '62'),
(142, 'earlhart.com', '1411016432242', '35'),
(143, 'digitalpath.net', '1411016431201', '66'),
(144, 'chicosystems.com', '1411016432317', '0'),
(145, 'two.com', '1411621320349', '-1'),
(146, 'digitalpath.com', '1411621319500', '64'),
(147, 'digg.com', '1411621320209', '-1'),
(148, 'news.com', '1411621319614', '1'),
(149, 'one.com', '1411621319346', '172'),
(150, 'plesk.com', '1411621319454', '50'),
(151, 'gmail.com', '1411621319501', '59'),
(152, 'hotmail.com', '1411621319490', '63'),
(153, 'earlhart.com', '1411621319634', '34'),
(154, 'digitalpath.net', '1411621319594', '66'),
(155, 'chicosystems.com', '1411621319598', '0'),
(156, 'digitalpath.com', '1412226211707', '66'),
(157, 'two.com', '1412226211526', '-1'),
(158, 'digg.com', '1412226209250', '-1'),
(159, 'news.com', '1412226212023', '2'),
(160, 'one.com', '1412226211477', '173'),
(161, 'plesk.com', '1412226208680', '42'),
(162, 'gmail.com', '1412226211838', '39'),
(163, 'hotmail.com', '1412226209769', '42'),
(164, 'earlhart.com', '1412226212124', '35'),
(165, 'digitalpath.net', '1412226211832', '68'),
(166, 'chicosystems.com', '1412226212968', '0'),
(167, 'two.com', '1412831096716', '-1'),
(168, 'digitalpath.com', '1412831096280', '66'),
(169, 'digg.com', '1412831096512', '-1'),
(170, 'news.com', '1412831096324', '3'),
(171, 'one.com', '1412831096068', '176'),
(172, 'plesk.com', '1412831096342', '42'),
(173, 'gmail.com', '1412831096281', '15'),
(174, 'hotmail.com', '1412831096235', '34'),
(175, 'earlhart.com', '1412831096573', '36'),
(176, 'digitalpath.net', '1412831096172', '67'),
(177, 'chicosystems.com', '1412831096245', '0'),
(178, 'two.com', '1413435989853', '-1'),
(179, 'digitalpath.com', '1413435988070', '68'),
(180, 'digg.com', '1413435988704', '-1'),
(181, 'news.com', '1413435988211', '9'),
(182, 'one.com', '1413435988324', '128'),
(183, 'plesk.com', '1413435988090', '44'),
(184, 'gmail.com', '1413435988105', '16'),
(185, 'hotmail.com', '1413435988296', '36'),
(186, 'earlhart.com', '1413435988182', '39'),
(187, 'digitalpath.net', '1413435988102', '71'),
(188, 'chicosystems.com', '1413435988261', '0'),
(189, 'two.com', '1414040872964', '-1'),
(190, 'digitalpath.com', '1414040874442', '86'),
(191, 'digg.com', '1414040873964', '-1'),
(192, 'news.com', '1414040874530', '21'),
(193, 'one.com', '1414040876856', '122'),
(194, 'plesk.com', '1414040873317', '73'),
(195, 'gmail.com', '1414040873383', '60'),
(196, 'hotmail.com', '1414040875596', '64'),
(197, 'earlhart.com', '1414040874649', '60'),
(198, 'digitalpath.net', '1414040872330', '83'),
(199, 'chicosystems.com', '1414040877759', '0'),
(200, 'two.com', '1414645763872', '-1'),
(201, 'digitalpath.com', '1414645763605', '71'),
(202, 'digg.com', '1414645764011', '-1'),
(203, 'news.com', '1414645763569', '4'),
(204, 'one.com', '1414645763617', '111'),
(205, 'plesk.com', '1414645763499', '60'),
(206, 'gmail.com', '1414645763398', '45'),
(207, 'hotmail.com', '1414645763517', '48'),
(208, 'earlhart.com', '1414645763633', '39'),
(209, 'digitalpath.net', '1414645763435', '70'),
(210, 'chicosystems.com', '1414645763662', '0'),
(211, 'two.com', '1415250655592', '-1'),
(212, 'digitalpath.com', '1415250657147', '64'),
(213, 'digg.com', '1415250657515', '-1'),
(214, 'news.com', '1415250655183', '1'),
(215, 'one.com', '1415250652948', '108'),
(216, 'plesk.com', '1415250653969', '40'),
(217, 'gmail.com', '1415250656084', '40'),
(218, 'hotmail.com', '1415250651774', '46'),
(219, 'earlhart.com', '1415250654990', '35'),
(220, 'digitalpath.net', '1415250655042', '65'),
(221, 'chicosystems.com', '1415250655091', '0'),
(222, 'two.com', '1415855540357', '-1'),
(223, 'digitalpath.com', '1415855539812', '68'),
(224, 'digg.com', '1415855540372', '-1'),
(225, 'news.com', '1415855539896', '4'),
(226, 'one.com', '1415855539536', '183'),
(227, 'plesk.com', '1415855539883', '44'),
(228, 'gmail.com', '1415855539798', '39'),
(229, 'hotmail.com', '1415855539872', '48'),
(230, 'earlhart.com', '1415855539743', '38'),
(231, 'digitalpath.net', '1415855539703', '68'),
(232, 'chicosystems.com', '1415855539775', '0');

--
-- Indexes for dumped tables
--

--
-- Indexes for table `active_devices`
--
ALTER TABLE `active_devices`
 ADD UNIQUE KEY `deviceId` (`deviceId`);

--
-- Indexes for table `configuration`
--
ALTER TABLE `configuration`
 ADD PRIMARY KEY (`id`);

--
-- Indexes for table `day`
--
ALTER TABLE `day`
 ADD PRIMARY KEY (`id`);

--
-- Indexes for table `devices`
--
ALTER TABLE `devices`
 ADD PRIMARY KEY (`id`);

--
-- Indexes for table `hour`
--
ALTER TABLE `hour`
 ADD PRIMARY KEY (`id`);

--
-- Indexes for table `minute`
--
ALTER TABLE `minute`
 ADD PRIMARY KEY (`id`);

--
-- Indexes for table `notes`
--
ALTER TABLE `notes`
 ADD PRIMARY KEY (`id`);

--
-- Indexes for table `subscriptions`
--
ALTER TABLE `subscriptions`
 ADD PRIMARY KEY (`id`);

--
-- Indexes for table `timers`
--
ALTER TABLE `timers`
 ADD PRIMARY KEY (`id`);

--
-- Indexes for table `users`
--
ALTER TABLE `users`
 ADD PRIMARY KEY (`id`);

--
-- Indexes for table `week`
--
ALTER TABLE `week`
 ADD PRIMARY KEY (`id`);

--
-- Indexes for table `year`
--
ALTER TABLE `year`
 ADD PRIMARY KEY (`id`);

--
-- AUTO_INCREMENT for dumped tables
--

--
-- AUTO_INCREMENT for table `configuration`
--
ALTER TABLE `configuration`
MODIFY `id` int(11) NOT NULL AUTO_INCREMENT,AUTO_INCREMENT=18;
--
-- AUTO_INCREMENT for table `day`
--
ALTER TABLE `day`
MODIFY `id` int(11) NOT NULL AUTO_INCREMENT,AUTO_INCREMENT=31874;
--
-- AUTO_INCREMENT for table `devices`
--
ALTER TABLE `devices`
MODIFY `id` int(11) NOT NULL AUTO_INCREMENT,AUTO_INCREMENT=45;
--
-- AUTO_INCREMENT for table `hour`
--
ALTER TABLE `hour`
MODIFY `id` int(11) NOT NULL AUTO_INCREMENT,AUTO_INCREMENT=382149;
--
-- AUTO_INCREMENT for table `minute`
--
ALTER TABLE `minute`
MODIFY `id` int(11) NOT NULL AUTO_INCREMENT,AUTO_INCREMENT=18428551;
--
-- AUTO_INCREMENT for table `notes`
--
ALTER TABLE `notes`
MODIFY `id` int(11) NOT NULL AUTO_INCREMENT,AUTO_INCREMENT=28;
--
-- AUTO_INCREMENT for table `subscriptions`
--
ALTER TABLE `subscriptions`
MODIFY `id` int(11) NOT NULL AUTO_INCREMENT,AUTO_INCREMENT=2;
--
-- AUTO_INCREMENT for table `timers`
--
ALTER TABLE `timers`
MODIFY `id` int(11) NOT NULL AUTO_INCREMENT,AUTO_INCREMENT=10;
--
-- AUTO_INCREMENT for table `users`
--
ALTER TABLE `users`
MODIFY `id` int(11) NOT NULL AUTO_INCREMENT,AUTO_INCREMENT=16;
--
-- AUTO_INCREMENT for table `week`
--
ALTER TABLE `week`
MODIFY `id` int(11) NOT NULL AUTO_INCREMENT,AUTO_INCREMENT=1497;
--
-- AUTO_INCREMENT for table `year`
--
ALTER TABLE `year`
MODIFY `id` int(11) NOT NULL AUTO_INCREMENT,AUTO_INCREMENT=233;
/*!40101 SET CHARACTER_SET_CLIENT=@OLD_CHARACTER_SET_CLIENT */;
/*!40101 SET CHARACTER_SET_RESULTS=@OLD_CHARACTER_SET_RESULTS */;
/*!40101 SET COLLATION_CONNECTION=@OLD_COLLATION_CONNECTION */;
