-- phpMyAdmin SQL Dump
-- version 4.2.7.1
-- http://www.phpmyadmin.net
--
-- Host: 127.0.0.1
-- Generation Time: Nov 18, 2014 at 02:27 AM
-- Server version: 5.6.20
-- PHP Version: 5.5.15

SET SQL_MODE = "NO_AUTO_VALUE_ON_ZERO";
SET time_zone = "+00:00";


/*!40101 SET @OLD_CHARACTER_SET_CLIENT=@@CHARACTER_SET_CLIENT */;
/*!40101 SET @OLD_CHARACTER_SET_RESULTS=@@CHARACTER_SET_RESULTS */;
/*!40101 SET @OLD_COLLATION_CONNECTION=@@COLLATION_CONNECTION */;
/*!40101 SET NAMES utf8 */;

--
-- Database: `hostmon`
--

-- --------------------------------------------------------

--
-- Table structure for table `active_devices`
--

CREATE TABLE IF NOT EXISTS `active_devices` (
  `deviceId` int(11) NOT NULL
) ENGINE=InnoDB DEFAULT CHARSET=latin1;

--
-- Dumping data for table `active_devices`
--

INSERT INTO `active_devices` (`deviceId`) VALUES
(5),
(6),
(7),
(8),
(9),
(10),
(12);

-- --------------------------------------------------------

--
-- Table structure for table `configuration`
--

CREATE TABLE IF NOT EXISTS `configuration` (
`id` int(11) NOT NULL,
  `name` text NOT NULL,
  `value` text NOT NULL,
  `description` text NOT NULL
) ENGINE=InnoDB  DEFAULT CHARSET=latin1 AUTO_INCREMENT=17 ;

--
-- Dumping data for table `configuration`
--

INSERT INTO `configuration` (`id`, `name`, `value`, `description`) VALUES
(1, 'debug', '0', 'Controls if the backend is in debug mode or not. In debug mode the console will display much more information.'),
(2, 'averageGoalTime', '10000', 'The time, in milliseconds, that we are aiming to have each record updated in. This will have an effect on the number of threads running in backend.'),
(3, 'startingThreads', '10', 'The number of threads the backend starts with. The thread number will change as the backend runs.'),
(4, 'maxThreads', '50', 'The maximum number of threads the backend will be able to run.'),
(5, 'threadRemovalCoefficient', '4', 'The Value that decides when threads are removed. The Lower the value the sooner an unneeded thread is removed.'),
(6, 'threadAddCoefficient', '10', 'The Value that decides when threads are added. The Higher the value the sooner a needed thread is added.'),
(7, 'runPerThreadCheck', '5', 'every x amount of times a thread is run we check if we need to add or remove a thread.'),
(8, 'numPingRunsBeforeDBRecord', '20', 'The number of times we will ping before we make a call to the database.'),
(9, 'minuteRecordAgeLimit', '900000', 'The age each record in the minute table should get before being deleted. In Milliseconds.'),
(10, 'hourRecordAgeLimit', '14400000', 'The age each record in the hour table should get before being deleted. In Milliseconds.'),
(11, 'dayRecordAgeLimit', '345600000', 'The age each record in the day table should get before being deleted. In Milliseconds.'),
(12, 'weekRecordAgeLimit', '2419200000', 'The age each record in the week table should get before being deleted. In Milliseconds.'),
(13, 'newestPingMinutes', '300000', 'The amount of milliseconds we want to retrieve to average out new pings to add to hour table default was 5 minutes or 300000'),
(14, 'newestPingHours', '3600000', 'The amount of milliseconds we want to retrieve in order to average out pings to add to the day table default is 1 hour or 3600000 millis'),
(15, 'newestPingDays', '86400000', 'The amount of milliseconds we want to retrieve in order to average out pings to add to the day table default is 1 day or 86400000 millis'),
(16, 'newestPingWeeks', '604800000', 'The amount of milliseconds we want to retrieve in order to average out pings to add to the day table default is 1 week or 604800000 millis');

-- --------------------------------------------------------

--
-- Table structure for table `day`
--

CREATE TABLE IF NOT EXISTS `day` (
`id` int(11) NOT NULL,
  `ip` text NOT NULL,
  `time` text NOT NULL,
  `latency` text NOT NULL
) ENGINE=InnoDB  DEFAULT CHARSET=latin1 AUTO_INCREMENT=31468 ;

--
-- Dumping data for table `day`
--

INSERT INTO `day` (`id`, `ip`, `time`, `latency`) VALUES
(30343, 'two.com', '1415902309155', '-1'),
(30344, 'digitalpath.com', '1415902308940', '140'),
(30345, 'digg.com', '1415902308421', '-1'),
(30346, 'news.com', '1415902309622', '113'),
(30347, 'one.com', '1415902307012', '257'),
(30348, 'plesk.com', '1415902310748', '115'),
(30349, 'gmail.com', '1415902309678', '115'),
(30350, 'hotmail.com', '1415902309850', '132'),
(30351, 'earlhart.com', '1415902307994', '82'),
(30352, 'digitalpath.net', '1415902310913', '134'),
(30353, 'chicosystems.com', '1415902310554', '0'),
(30354, 'two.com', '1415905912803', '-1'),
(30355, 'digitalpath.com', '1415905911722', '70'),
(30356, 'digg.com', '1415905908825', '-1'),
(30357, 'news.com', '1415905910437', '15'),
(30358, 'one.com', '1415905908030', '200'),
(30359, 'plesk.com', '1415905910465', '46'),
(30360, 'gmail.com', '1415905910000', '64'),
(30361, 'hotmail.com', '1415905912188', '74'),
(30362, 'earlhart.com', '1415905911416', '44'),
(30363, 'digitalpath.net', '1415905911287', '74'),
(30364, 'chicosystems.com', '1415905909719', '0'),
(30365, 'digitalpath.com', '1415909514152', '66'),
(30366, 'two.com', '1415909514267', '-1'),
(30367, 'digg.com', '1415909515862', '-1'),
(30368, 'news.com', '1415909516142', '3'),
(30369, 'one.com', '1415909514424', '188'),
(30370, 'plesk.com', '1415909514566', '42'),
(30371, 'gmail.com', '1415909516676', '55'),
(30372, 'hotmail.com', '1415909515731', '67'),
(30373, 'earlhart.com', '1415909517863', '41'),
(30374, 'digitalpath.net', '1415909516828', '67'),
(30375, 'chicosystems.com', '1415909516641', '0'),
(30376, 'two.com', '1415913116146', '-1'),
(30377, 'digitalpath.com', '1415913114829', '64'),
(30378, 'digg.com', '1415913114389', '-1'),
(30379, 'news.com', '1415913113304', '2'),
(30380, 'one.com', '1415913112675', '186'),
(30381, 'plesk.com', '1415913113828', '40'),
(30382, 'gmail.com', '1415913115077', '52'),
(30383, 'hotmail.com', '1415913112852', '63'),
(30384, 'earlhart.com', '1415913115442', '36'),
(30385, 'digitalpath.net', '1415913114521', '66'),
(30386, 'chicosystems.com', '1415913114447', '0'),
(30387, 'two.com', '1415916718441', '-1'),
(30388, 'digitalpath.com', '1415916717323', '64'),
(30389, 'digg.com', '1415916716239', '-1'),
(30390, 'news.com', '1415916717800', '1'),
(30391, 'one.com', '1415916720634', '186'),
(30392, 'plesk.com', '1415916716843', '40'),
(30393, 'gmail.com', '1415916717888', '51'),
(30394, 'hotmail.com', '1415916717677', '62'),
(30395, 'earlhart.com', '1415916718350', '34'),
(30396, 'digitalpath.net', '1415916717664', '65'),
(30397, 'chicosystems.com', '1415916716755', '0'),
(30398, 'two.com', '1415920319564', '-1'),
(30399, 'digitalpath.com', '1415920318831', '67'),
(30400, 'digg.com', '1415920321462', '-1'),
(30401, 'news.com', '1415920317999', '8'),
(30402, 'one.com', '1415920321383', '187'),
(30403, 'plesk.com', '1415920318248', '44'),
(30404, 'gmail.com', '1415920318561', '56'),
(30405, 'hotmail.com', '1415920317767', '65'),
(30406, 'earlhart.com', '1415920319691', '38'),
(30407, 'digitalpath.net', '1415920318642', '69'),
(30408, 'chicosystems.com', '1415920319581', '0'),
(30409, 'two.com', '1415923918653', '-1'),
(30410, 'digitalpath.com', '1415923920933', '64'),
(30411, 'digg.com', '1415923919875', '-1'),
(30412, 'news.com', '1415923918820', '1'),
(30413, 'one.com', '1415923916508', '185'),
(30414, 'plesk.com', '1415923917939', '40'),
(30415, 'gmail.com', '1415923917547', '53'),
(30416, 'hotmail.com', '1415923919363', '61'),
(30417, 'earlhart.com', '1415923920943', '36'),
(30418, 'digitalpath.net', '1415923918494', '65'),
(30419, 'chicosystems.com', '1415923918458', '0'),
(30420, 'two.com', '1415927518358', '-1'),
(30421, 'digitalpath.com', '1415927520972', '65'),
(30422, 'digg.com', '1415927520403', '-1'),
(30423, 'news.com', '1415927520371', '1'),
(30424, 'one.com', '1415927521488', '186'),
(30425, 'plesk.com', '1415927520505', '40'),
(30426, 'gmail.com', '1415927519289', '53'),
(30427, 'hotmail.com', '1415927521211', '62'),
(30428, 'earlhart.com', '1415927520924', '37'),
(30429, 'digitalpath.net', '1415927518361', '66'),
(30430, 'chicosystems.com', '1415927522352', '0'),
(30431, 'two.com', '1415931123049', '-1'),
(30432, 'digitalpath.com', '1415931123017', '64'),
(30433, 'digg.com', '1415931125574', '-1'),
(30434, 'news.com', '1415931122549', '2'),
(30435, 'one.com', '1415931122709', '186'),
(30436, 'plesk.com', '1415931124007', '40'),
(30437, 'gmail.com', '1415931122982', '52'),
(30438, 'hotmail.com', '1415931122485', '62'),
(30439, 'earlhart.com', '1415931123184', '36'),
(30440, 'digitalpath.net', '1415931122061', '65'),
(30441, 'chicosystems.com', '1415931120469', '0'),
(30442, 'digitalpath.com', '1415934722083', '64'),
(30443, 'two.com', '1415934725678', '-1'),
(30444, 'digg.com', '1415934723636', '-1'),
(30445, 'news.com', '1415934724559', '1'),
(30446, 'one.com', '1415934726830', '185'),
(30447, 'plesk.com', '1415934725032', '40'),
(30448, 'gmail.com', '1415934724455', '52'),
(30449, 'hotmail.com', '1415934723190', '62'),
(30450, 'earlhart.com', '1415934722881', '35'),
(30451, 'digitalpath.net', '1415934724295', '65'),
(30452, 'chicosystems.com', '1415934724819', '0'),
(30453, 'digitalpath.com', '1415938324973', '64'),
(30454, 'two.com', '1415938325888', '-1'),
(30455, 'digg.com', '1415938322295', '-1'),
(30456, 'news.com', '1415938324940', '1'),
(30457, 'one.com', '1415938322752', '185'),
(30458, 'plesk.com', '1415938323097', '40'),
(30459, 'gmail.com', '1415938325355', '52'),
(30460, 'hotmail.com', '1415938323485', '61'),
(30461, 'earlhart.com', '1415938324927', '37'),
(30462, 'digitalpath.net', '1415938324587', '65'),
(30463, 'chicosystems.com', '1415938323237', '0'),
(30464, 'two.com', '1415941927566', '-1'),
(30465, 'digitalpath.com', '1415941926893', '65'),
(30466, 'digg.com', '1415941926970', '-1'),
(30467, 'news.com', '1415941926935', '1'),
(30468, 'one.com', '1415941925880', '185'),
(30469, 'plesk.com', '1415941926387', '40'),
(30470, 'gmail.com', '1415941925512', '51'),
(30471, 'hotmail.com', '1415941926162', '62'),
(30472, 'earlhart.com', '1415941924691', '36'),
(30473, 'digitalpath.net', '1415941925412', '65'),
(30474, 'chicosystems.com', '1415941927659', '0'),
(30475, 'two.com', '1415945528845', '-1'),
(30476, 'digitalpath.com', '1415945526569', '64'),
(30477, 'digg.com', '1415945530734', '-1'),
(30478, 'news.com', '1415945528335', '1'),
(30479, 'one.com', '1415945523612', '185'),
(30480, 'plesk.com', '1415945526973', '40'),
(30481, 'gmail.com', '1415945527088', '51'),
(30482, 'hotmail.com', '1415945526353', '62'),
(30483, 'earlhart.com', '1415945524134', '36'),
(30484, 'digitalpath.net', '1415945526368', '65'),
(30485, 'chicosystems.com', '1415945526163', '0'),
(30486, 'two.com', '1415949129085', '-1'),
(30487, 'digitalpath.com', '1415949128957', '64'),
(30488, 'digg.com', '1415949130038', '-1'),
(30489, 'news.com', '1415949130410', '2'),
(30490, 'one.com', '1415949131372', '185'),
(30491, 'plesk.com', '1415949130671', '41'),
(30492, 'gmail.com', '1415949128848', '51'),
(30493, 'hotmail.com', '1415949129800', '61'),
(30494, 'earlhart.com', '1415949130216', '36'),
(30495, 'digitalpath.net', '1415949129070', '65'),
(30496, 'chicosystems.com', '1415949131122', '0'),
(30497, 'two.com', '1415952730342', '-1'),
(30498, 'digitalpath.com', '1415952731313', '64'),
(30499, 'digg.com', '1415952730354', '-1'),
(30500, 'news.com', '1415952730313', '1'),
(30501, 'one.com', '1415952731997', '185'),
(30502, 'plesk.com', '1415952732180', '40'),
(30503, 'gmail.com', '1415952731634', '52'),
(30504, 'hotmail.com', '1415952729736', '62'),
(30505, 'earlhart.com', '1415952729715', '35'),
(30506, 'digitalpath.net', '1415952730809', '65'),
(30507, 'chicosystems.com', '1415952731071', '0'),
(30508, 'two.com', '1415956334317', '-1'),
(30509, 'digitalpath.com', '1415956331903', '64'),
(30510, 'digg.com', '1415956330891', '-1'),
(30511, 'news.com', '1415956331893', '1'),
(30512, 'one.com', '1415956332186', '185'),
(30513, 'plesk.com', '1415956331841', '40'),
(30514, 'gmail.com', '1415956333608', '52'),
(30515, 'hotmail.com', '1415956332405', '62'),
(30516, 'earlhart.com', '1415956331301', '34'),
(30517, 'digitalpath.net', '1415956332253', '65'),
(30518, 'chicosystems.com', '1415956332594', '0'),
(30519, 'digitalpath.com', '1415959935494', '64'),
(30520, 'two.com', '1415959934672', '-1'),
(30521, 'digg.com', '1415959937188', '-1'),
(30522, 'news.com', '1415959934083', '1'),
(30523, 'one.com', '1415959934062', '184'),
(30524, 'plesk.com', '1415959934658', '40'),
(30525, 'gmail.com', '1415959935539', '55'),
(30526, 'hotmail.com', '1415959934991', '61'),
(30527, 'earlhart.com', '1415959937681', '33'),
(30528, 'digitalpath.net', '1415959933725', '65'),
(30529, 'chicosystems.com', '1415959934702', '0'),
(30530, 'digitalpath.com', '1415963534893', '64'),
(30531, 'two.com', '1415963536172', '-1'),
(30532, 'digg.com', '1415963536432', '-1'),
(30533, 'news.com', '1415963534446', '1'),
(30534, 'one.com', '1415963536016', '185'),
(30535, 'plesk.com', '1415963535805', '40'),
(30536, 'gmail.com', '1415963535108', '51'),
(30537, 'hotmail.com', '1415963535593', '61'),
(30538, 'earlhart.com', '1415963533228', '33'),
(30539, 'digitalpath.net', '1415963534940', '65'),
(30540, 'chicosystems.com', '1415963536644', '0'),
(30541, 'two.com', '1415967139531', '-1'),
(30542, 'digitalpath.com', '1415967136819', '64'),
(30543, 'digg.com', '1415967139552', '-1'),
(30544, 'news.com', '1415967138855', '1'),
(30545, 'one.com', '1415967138314', '185'),
(30546, 'plesk.com', '1415967138404', '40'),
(30547, 'gmail.com', '1415967136231', '51'),
(30548, 'hotmail.com', '1415967136364', '61'),
(30549, 'earlhart.com', '1415967136531', '33'),
(30550, 'digitalpath.net', '1415967136948', '65'),
(30551, 'chicosystems.com', '1415967137326', '0'),
(30552, 'digitalpath.com', '1415970740640', '65'),
(30553, 'two.com', '1415970739835', '-1'),
(30554, 'digg.com', '1415970739580', '-1'),
(30555, 'news.com', '1415970738980', '1'),
(30556, 'one.com', '1415970741762', '185'),
(30557, 'plesk.com', '1415970741715', '41'),
(30558, 'gmail.com', '1415970740175', '52'),
(30559, 'hotmail.com', '1415970741177', '62'),
(30560, 'earlhart.com', '1415970742019', '34'),
(30561, 'digitalpath.net', '1415970738921', '66'),
(30562, 'chicosystems.com', '1415970740132', '0'),
(30563, 'two.com', '1415974342500', '-1'),
(30564, 'digitalpath.com', '1415974342869', '64'),
(30565, 'digg.com', '1415974341571', '-1'),
(30566, 'news.com', '1415974343657', '1'),
(30567, 'one.com', '1415974343950', '186'),
(30568, 'plesk.com', '1415974344080', '40'),
(30569, 'gmail.com', '1415974341928', '51'),
(30570, 'hotmail.com', '1415974342599', '62'),
(30571, 'earlhart.com', '1415974342792', '35'),
(30572, 'digitalpath.net', '1415974342370', '65'),
(30573, 'chicosystems.com', '1415974343428', '0'),
(30574, 'two.com', '1415977941410', '-1'),
(30575, 'digitalpath.com', '1415977941496', '64'),
(30576, 'digg.com', '1415977943420', '-1'),
(30577, 'news.com', '1415977941591', '1'),
(30578, 'one.com', '1415977941185', '185'),
(30579, 'plesk.com', '1415977942746', '40'),
(30580, 'gmail.com', '1415977943528', '39'),
(30581, 'hotmail.com', '1415977942653', '43'),
(30582, 'earlhart.com', '1415977940786', '33'),
(30583, 'digitalpath.net', '1415977942832', '65'),
(30584, 'chicosystems.com', '1415977941619', '0'),
(30585, 'digitalpath.com', '1415981546953', '64'),
(30586, 'two.com', '1415981547263', '-1'),
(30587, 'digg.com', '1415981546346', '-1'),
(30588, 'news.com', '1415981545837', '1'),
(30589, 'one.com', '1415981542384', '185'),
(30590, 'plesk.com', '1415981544678', '40'),
(30591, 'gmail.com', '1415981544543', '49'),
(30592, 'hotmail.com', '1415981544954', '60'),
(30593, 'earlhart.com', '1415981545466', '33'),
(30594, 'digitalpath.net', '1415981543671', '65'),
(30595, 'chicosystems.com', '1415981544756', '0'),
(30596, 'two.com', '1415985146619', '-1'),
(30597, 'digitalpath.com', '1415985143927', '65'),
(30598, 'digg.com', '1415985142300', '-1'),
(30599, 'news.com', '1415985145948', '2'),
(30600, 'one.com', '1415985143518', '187'),
(30601, 'plesk.com', '1415985142853', '43'),
(30602, 'gmail.com', '1415985143951', '55'),
(30603, 'hotmail.com', '1415985144031', '65'),
(30604, 'earlhart.com', '1415985144587', '35'),
(30605, 'digitalpath.net', '1415985143811', '68'),
(30606, 'chicosystems.com', '1415985142614', '0'),
(30607, 'two.com', '1415988749659', '-1'),
(30608, 'digitalpath.com', '1415988748125', '64'),
(30609, 'digg.com', '1415988747486', '-1'),
(30610, 'news.com', '1415988747097', '2'),
(30611, 'one.com', '1415988748563', '187'),
(30612, 'plesk.com', '1415988748586', '40'),
(30613, 'gmail.com', '1415988748725', '54'),
(30614, 'hotmail.com', '1415988747113', '62'),
(30615, 'earlhart.com', '1415988748823', '35'),
(30616, 'digitalpath.net', '1415988748677', '70'),
(30617, 'chicosystems.com', '1415988748531', '0'),
(30618, 'two.com', '1415992348159', '-1'),
(30619, 'digitalpath.com', '1415992349354', '65'),
(30620, 'digg.com', '1415992348123', '-1'),
(30621, 'news.com', '1415992347793', '2'),
(30622, 'one.com', '1415992350605', '186'),
(30623, 'plesk.com', '1415992346126', '41'),
(30624, 'gmail.com', '1415992348726', '53'),
(30625, 'hotmail.com', '1415992349652', '63'),
(30626, 'earlhart.com', '1415992349562', '35'),
(30627, 'digitalpath.net', '1415992347811', '65'),
(30628, 'chicosystems.com', '1415992348477', '0'),
(30629, 'two.com', '1415995950508', '-1'),
(30630, 'digitalpath.com', '1415995951762', '64'),
(30631, 'digg.com', '1415995950398', '-1'),
(30632, 'news.com', '1415995951760', '2'),
(30633, 'one.com', '1415995951389', '186'),
(30634, 'plesk.com', '1415995951681', '40'),
(30635, 'gmail.com', '1415995952893', '52'),
(30636, 'hotmail.com', '1415995953452', '62'),
(30637, 'earlhart.com', '1415995952320', '35'),
(30638, 'digitalpath.net', '1415995950913', '65'),
(30639, 'chicosystems.com', '1415995950940', '0'),
(30640, 'digitalpath.com', '1415999551349', '64'),
(30641, 'two.com', '1415999550993', '-1'),
(30642, 'digg.com', '1415999552084', '-1'),
(30643, 'news.com', '1415999550151', '2'),
(30644, 'one.com', '1415999550321', '186'),
(30645, 'plesk.com', '1415999551691', '40'),
(30646, 'gmail.com', '1415999551089', '52'),
(30647, 'hotmail.com', '1415999551009', '62'),
(30648, 'earlhart.com', '1415999551127', '36'),
(30649, 'digitalpath.net', '1415999548722', '65'),
(30650, 'chicosystems.com', '1415999550119', '0'),
(30651, 'two.com', '1416003154902', '-1'),
(30652, 'digitalpath.com', '1416003153484', '64'),
(30653, 'digg.com', '1416003153520', '-1'),
(30654, 'news.com', '1416003155335', '1'),
(30655, 'one.com', '1416003154160', '186'),
(30656, 'plesk.com', '1416003153044', '40'),
(30657, 'gmail.com', '1416003154309', '51'),
(30658, 'hotmail.com', '1416003153034', '62'),
(30659, 'earlhart.com', '1416003152270', '34'),
(30660, 'digitalpath.net', '1416003154083', '65'),
(30661, 'chicosystems.com', '1416003154668', '0'),
(30662, 'two.com', '1416006755371', '-1'),
(30663, 'digitalpath.com', '1416006755125', '64'),
(30664, 'digg.com', '1416006753877', '-1'),
(30665, 'news.com', '1416006754959', '1'),
(30666, 'one.com', '1416006751280', '186'),
(30667, 'plesk.com', '1416006754766', '40'),
(30668, 'gmail.com', '1416006756032', '51'),
(30669, 'hotmail.com', '1416006756857', '62'),
(30670, 'earlhart.com', '1416006754304', '34'),
(30671, 'digitalpath.net', '1416006753525', '65'),
(30672, 'chicosystems.com', '1416006753958', '0'),
(30673, 'two.com', '1416010360183', '-1'),
(30674, 'digitalpath.com', '1416010354953', '68'),
(30675, 'digg.com', '1416010358565', '-1'),
(30676, 'news.com', '1416010356098', '1'),
(30677, 'one.com', '1416010357783', '186'),
(30678, 'plesk.com', '1416010354431', '44'),
(30679, 'gmail.com', '1416010355061', '52'),
(30680, 'hotmail.com', '1416010355555', '62'),
(30681, 'earlhart.com', '1416010354703', '36'),
(30682, 'digitalpath.net', '1416010354576', '65'),
(30683, 'chicosystems.com', '1416010353781', '0'),
(30684, 'two.com', '1416013961174', '-1'),
(30685, 'digitalpath.com', '1416013958759', '64'),
(30686, 'digg.com', '1416013961227', '-1'),
(30687, 'news.com', '1416013959668', '2'),
(30688, 'one.com', '1416013958622', '185'),
(30689, 'plesk.com', '1416013959471', '39'),
(30690, 'gmail.com', '1416013959598', '51'),
(30691, 'hotmail.com', '1416013958992', '62'),
(30692, 'earlhart.com', '1416013957035', '35'),
(30693, 'digitalpath.net', '1416013956585', '65'),
(30694, 'chicosystems.com', '1416013959416', '0'),
(30695, 'two.com', '1416017558574', '-1'),
(30696, 'digitalpath.com', '1416017559893', '64'),
(30697, 'digg.com', '1416017560157', '-1'),
(30698, 'news.com', '1416017560401', '1'),
(30699, 'one.com', '1416017560449', '186'),
(30700, 'plesk.com', '1416017560563', '40'),
(30701, 'gmail.com', '1416017559613', '51'),
(30702, 'hotmail.com', '1416017559649', '63'),
(30703, 'earlhart.com', '1416017558447', '36'),
(30704, 'digitalpath.net', '1416017560257', '65'),
(30705, 'chicosystems.com', '1416017560240', '0'),
(30706, 'two.com', '1416021162778', '-1'),
(30707, 'digitalpath.com', '1416021162095', '64'),
(30708, 'digg.com', '1416021161134', '-1'),
(30709, 'news.com', '1416021161677', '2'),
(30710, 'one.com', '1416021159824', '186'),
(30711, 'plesk.com', '1416021161449', '39'),
(30712, 'gmail.com', '1416021159430', '51'),
(30713, 'hotmail.com', '1416021161318', '63'),
(30714, 'earlhart.com', '1416021161715', '35'),
(30715, 'digitalpath.net', '1416021160449', '65'),
(30716, 'chicosystems.com', '1416021160446', '0'),
(30717, 'two.com', '1416024765989', '-1'),
(30718, 'digitalpath.com', '1416024763426', '64'),
(30719, 'digg.com', '1416024762918', '-1'),
(30720, 'news.com', '1416024764134', '1'),
(30721, 'one.com', '1416024761196', '185'),
(30722, 'plesk.com', '1416024764644', '40'),
(30723, 'gmail.com', '1416024763478', '51'),
(30724, 'hotmail.com', '1416024763805', '63'),
(30725, 'earlhart.com', '1416024765878', '36'),
(30726, 'digitalpath.net', '1416024762752', '65'),
(30727, 'chicosystems.com', '1416024765150', '0'),
(30728, 'two.com', '1416028366390', '-1'),
(30729, 'digitalpath.com', '1416028365860', '64'),
(30730, 'digg.com', '1416028365434', '-1'),
(30731, 'news.com', '1416028364215', '1'),
(30732, 'one.com', '1416028367030', '185'),
(30733, 'plesk.com', '1416028367056', '40'),
(30734, 'gmail.com', '1416028365272', '51'),
(30735, 'hotmail.com', '1416028365955', '63'),
(30736, 'earlhart.com', '1416028364552', '35'),
(30737, 'digitalpath.net', '1416028365921', '65'),
(30738, 'chicosystems.com', '1416028367138', '0'),
(30739, 'two.com', '1416031967209', '-1'),
(30740, 'digitalpath.com', '1416031966488', '69'),
(30741, 'digg.com', '1416031966898', '-1'),
(30742, 'news.com', '1416031964867', '1'),
(30743, 'one.com', '1416031965207', '185'),
(30744, 'plesk.com', '1416031966427', '44'),
(30745, 'gmail.com', '1416031966299', '57'),
(30746, 'hotmail.com', '1416031966094', '64'),
(30747, 'earlhart.com', '1416031964096', '35'),
(30748, 'digitalpath.net', '1416031967037', '70'),
(30749, 'chicosystems.com', '1416031967162', '0'),
(30750, 'two.com', '1416035564037', '-1'),
(30751, 'digitalpath.com', '1416035568444', '65'),
(30752, 'digg.com', '1416035566894', '-1'),
(30753, 'news.com', '1416035565810', '1'),
(30754, 'one.com', '1416035567908', '185'),
(30755, 'plesk.com', '1416035566053', '42'),
(30756, 'gmail.com', '1416035567034', '52'),
(30757, 'hotmail.com', '1416035566879', '62'),
(30758, 'earlhart.com', '1416035566115', '35'),
(30759, 'digitalpath.net', '1416035565073', '67'),
(30760, 'chicosystems.com', '1416035566085', '0'),
(30761, 'digitalpath.com', '1416039170083', '71'),
(30762, 'two.com', '1416039168859', '-1'),
(30763, 'digg.com', '1416039167744', '-1'),
(30764, 'news.com', '1416039168869', '1'),
(30765, 'one.com', '1416039170677', '185'),
(30766, 'plesk.com', '1416039169166', '70'),
(30767, 'gmail.com', '1416039170731', '52'),
(30768, 'hotmail.com', '1416039170045', '61'),
(30769, 'earlhart.com', '1416039171974', '34'),
(30770, 'digitalpath.net', '1416039168392', '72'),
(30771, 'chicosystems.com', '1416039170294', '0'),
(30772, 'two.com', '1416042774775', '-1'),
(30773, 'digitalpath.com', '1416042772278', '76'),
(30774, 'digg.com', '1416042774195', '-1'),
(30775, 'news.com', '1416042772364', '1'),
(30776, 'one.com', '1416042769630', '186'),
(30777, 'plesk.com', '1416042773253', '74'),
(30778, 'gmail.com', '1416042772550', '54'),
(30779, 'hotmail.com', '1416042771262', '63'),
(30780, 'earlhart.com', '1416042774365', '35'),
(30781, 'digitalpath.net', '1416042772645', '73'),
(30782, 'chicosystems.com', '1416042772562', '0'),
(30783, 'digitalpath.com', '1416046372035', '65'),
(30784, 'two.com', '1416046374808', '-1'),
(30785, 'digg.com', '1416046371722', '-1'),
(30786, 'news.com', '1416046374017', '2'),
(30787, 'one.com', '1416046373429', '188'),
(30788, 'plesk.com', '1416046371980', '44'),
(30789, 'gmail.com', '1416046371662', '53'),
(30790, 'hotmail.com', '1416046373645', '63'),
(30791, 'earlhart.com', '1416046374900', '37'),
(30792, 'digitalpath.net', '1416046373153', '65'),
(30793, 'chicosystems.com', '1416046372081', '0'),
(30794, 'two.com', '1416049974605', '-1'),
(30795, 'digitalpath.com', '1416049973931', '66'),
(30796, 'digg.com', '1416049972327', '-1'),
(30797, 'news.com', '1416049971872', '2'),
(30798, 'one.com', '1416049974589', '187'),
(30799, 'plesk.com', '1416049971951', '42'),
(30800, 'gmail.com', '1416049973585', '52'),
(30801, 'hotmail.com', '1416049972561', '63'),
(30802, 'earlhart.com', '1416049971791', '35'),
(30803, 'digitalpath.net', '1416049972085', '66'),
(30804, 'chicosystems.com', '1416049971545', '0'),
(30805, 'two.com', '1416053573995', '-1'),
(30806, 'digitalpath.com', '1416053575368', '65'),
(30807, 'digg.com', '1416053576187', '-1'),
(30808, 'news.com', '1416053574130', '1'),
(30809, 'one.com', '1416053575237', '184'),
(30810, 'plesk.com', '1416053576163', '40'),
(30811, 'gmail.com', '1416053576456', '52'),
(30812, 'hotmail.com', '1416053575224', '62'),
(30813, 'earlhart.com', '1416053575513', '35'),
(30814, 'digitalpath.net', '1416053577477', '65'),
(30815, 'chicosystems.com', '1416053574941', '0'),
(30816, 'two.com', '1416057177694', '-1'),
(30817, 'digitalpath.com', '1416057177067', '64'),
(30818, 'digg.com', '1416057176308', '-1'),
(30819, 'news.com', '1416057177523', '1'),
(30820, 'one.com', '1416057174011', '184'),
(30821, 'plesk.com', '1416057173224', '40'),
(30822, 'gmail.com', '1416057175847', '52'),
(30823, 'hotmail.com', '1416057176292', '61'),
(30824, 'earlhart.com', '1416057178317', '33'),
(30825, 'digitalpath.net', '1416057178475', '65'),
(30826, 'chicosystems.com', '1416057175255', '0'),
(30827, 'digitalpath.com', '1416060781534', '64'),
(30828, 'two.com', '1416060777864', '-1'),
(30829, 'digg.com', '1416060782870', '-1'),
(30830, 'news.com', '1416060781139', '3'),
(30831, 'one.com', '1416060780712', '185'),
(30832, 'plesk.com', '1416060780407', '40'),
(30833, 'gmail.com', '1416060781987', '53'),
(30834, 'hotmail.com', '1416060781847', '64'),
(30835, 'earlhart.com', '1416060781308', '40'),
(30836, 'digitalpath.net', '1416060781066', '66'),
(30837, 'chicosystems.com', '1416060780658', '0'),
(30838, 'two.com', '1416064381090', '-1'),
(30839, 'digitalpath.com', '1416064380809', '64'),
(30840, 'digg.com', '1416064381880', '-1'),
(30841, 'news.com', '1416064380204', '3'),
(30842, 'one.com', '1416064378916', '188'),
(30843, 'plesk.com', '1416064378202', '40'),
(30844, 'gmail.com', '1416064380340', '52'),
(30845, 'hotmail.com', '1416064379439', '64'),
(30846, 'earlhart.com', '1416064380660', '36'),
(30847, 'digitalpath.net', '1416064380921', '65'),
(30848, 'chicosystems.com', '1416064378918', '0'),
(30849, 'digitalpath.com', '1416067983152', '65'),
(30850, 'two.com', '1416067984564', '-1'),
(30851, 'digg.com', '1416067983274', '-1'),
(30852, 'news.com', '1416067981969', '28'),
(30853, 'one.com', '1416067981661', '236'),
(30854, 'plesk.com', '1416067981435', '41'),
(30855, 'gmail.com', '1416067982018', '53'),
(30856, 'hotmail.com', '1416067982854', '68'),
(30857, 'earlhart.com', '1416067983647', '81'),
(30858, 'digitalpath.net', '1416067981728', '65'),
(30859, 'chicosystems.com', '1416067983771', '0'),
(30860, 'two.com', '1416071585955', '-1'),
(30861, 'digitalpath.com', '1416071583134', '64'),
(30862, 'digg.com', '1416071588035', '-1'),
(30863, 'news.com', '1416071584921', '2'),
(30864, 'one.com', '1416071582955', '185'),
(30865, 'plesk.com', '1416071584065', '40'),
(30866, 'gmail.com', '1416071583522', '54'),
(30867, 'hotmail.com', '1416071582973', '64'),
(30868, 'earlhart.com', '1416071581975', '36'),
(30869, 'digitalpath.net', '1416071583815', '66'),
(30870, 'chicosystems.com', '1416071583005', '0'),
(30871, 'two.com', '1416075181326', '-1'),
(30872, 'digitalpath.com', '1416075185800', '65'),
(30873, 'digg.com', '1416075184207', '-1'),
(30874, 'news.com', '1416075185783', '3'),
(30875, 'one.com', '1416075186271', '186'),
(30876, 'plesk.com', '1416075185103', '41'),
(30877, 'gmail.com', '1416075183375', '53'),
(30878, 'hotmail.com', '1416075184596', '63'),
(30879, 'earlhart.com', '1416075184074', '35'),
(30880, 'digitalpath.net', '1416075185992', '66'),
(30881, 'chicosystems.com', '1416075184809', '0'),
(30882, 'two.com', '1416078790115', '-1'),
(30883, 'digitalpath.com', '1416078788115', '82'),
(30884, 'digg.com', '1416078789227', '-1'),
(30885, 'news.com', '1416078787418', '6'),
(30886, 'one.com', '1416078789324', '190'),
(30887, 'plesk.com', '1416078789193', '58'),
(30888, 'gmail.com', '1416078790090', '72'),
(30889, 'hotmail.com', '1416078788125', '78'),
(30890, 'earlhart.com', '1416078788465', '40'),
(30891, 'digitalpath.net', '1416078785929', '85'),
(30892, 'chicosystems.com', '1416078790235', '0'),
(30893, 'digitalpath.com', '1416082387794', '117'),
(30894, 'two.com', '1416082386890', '-1'),
(30895, 'digg.com', '1416082390968', '-1'),
(30896, 'news.com', '1416082386720', '9'),
(30897, 'one.com', '1416082388011', '194'),
(30898, 'plesk.com', '1416082388333', '93'),
(30899, 'gmail.com', '1416082387506', '105'),
(30900, 'hotmail.com', '1416082388242', '106'),
(30901, 'earlhart.com', '1416082386644', '42'),
(30902, 'digitalpath.net', '1416082388235', '120'),
(30903, 'chicosystems.com', '1416082386729', '0'),
(30904, 'two.com', '1416085987558', '-1'),
(30905, 'digitalpath.com', '1416085988868', '98'),
(30906, 'digg.com', '1416085988689', '-1'),
(30907, 'news.com', '1416085988650', '9'),
(30908, 'one.com', '1416085989250', '194'),
(30909, 'plesk.com', '1416085990080', '72'),
(30910, 'gmail.com', '1416085988708', '82'),
(30911, 'hotmail.com', '1416085989768', '88'),
(30912, 'earlhart.com', '1416085987694', '46'),
(30913, 'digitalpath.net', '1416085988314', '95'),
(30914, 'chicosystems.com', '1416085988575', '0'),
(30915, 'digitalpath.com', '1416089591293', '131'),
(30916, 'two.com', '1416089595421', '-1'),
(30917, 'digg.com', '1416089593267', '-1'),
(30918, 'news.com', '1416089592373', '22'),
(30919, 'one.com', '1416089591307', '207'),
(30920, 'plesk.com', '1416089592611', '105'),
(30921, 'gmail.com', '1416089592284', '106'),
(30922, 'hotmail.com', '1416089590925', '111'),
(30923, 'earlhart.com', '1416089591900', '58'),
(30924, 'digitalpath.net', '1416089592520', '121'),
(30925, 'chicosystems.com', '1416089592760', '0'),
(30926, 'two.com', '1416093195975', '-1'),
(30927, 'digitalpath.com', '1416093196704', '102'),
(30928, 'digg.com', '1416093195664', '-1'),
(30929, 'news.com', '1416093196280', '17'),
(30930, 'one.com', '1416093196557', '201'),
(30931, 'plesk.com', '1416093197064', '78'),
(30932, 'gmail.com', '1416093196132', '86'),
(30933, 'hotmail.com', '1416093193941', '93'),
(30934, 'earlhart.com', '1416093196740', '53'),
(30935, 'digitalpath.net', '1416093195520', '100'),
(30936, 'chicosystems.com', '1416093194925', '0'),
(30937, 'two.com', '1416096796338', '-1'),
(30938, 'digitalpath.com', '1416096797262', '89'),
(30939, 'digg.com', '1416096797251', '-1'),
(30940, 'news.com', '1416096796369', '7'),
(30941, 'one.com', '1416096796338', '190'),
(30942, 'plesk.com', '1416096795428', '66'),
(30943, 'gmail.com', '1416096794834', '79'),
(30944, 'hotmail.com', '1416096795855', '83'),
(30945, 'earlhart.com', '1416096796281', '43'),
(30946, 'digitalpath.net', '1416096795197', '91'),
(30947, 'chicosystems.com', '1416096793923', '0'),
(30948, 'two.com', '1416100396121', '-1'),
(30949, 'digitalpath.com', '1416100397232', '103'),
(30950, 'digg.com', '1416100397897', '-1'),
(30951, 'news.com', '1416100397022', '16'),
(30952, 'one.com', '1416100395612', '195'),
(30953, 'plesk.com', '1416100396591', '79'),
(30954, 'gmail.com', '1416100397123', '99'),
(30955, 'hotmail.com', '1416100396466', '89'),
(30956, 'earlhart.com', '1416100400153', '56'),
(30957, 'digitalpath.net', '1416100396023', '96'),
(30958, 'chicosystems.com', '1416100396877', '0'),
(30959, 'digitalpath.com', '1416103998445', '85'),
(30960, 'two.com', '1416103999812', '-1'),
(30961, 'digg.com', '1416103999186', '-1'),
(30962, 'news.com', '1416103998896', '4'),
(30963, 'one.com', '1416103999915', '186'),
(30964, 'plesk.com', '1416103998267', '60'),
(30965, 'gmail.com', '1416103997347', '79'),
(30966, 'hotmail.com', '1416103998607', '69'),
(30967, 'earlhart.com', '1416103995980', '44'),
(30968, 'digitalpath.net', '1416103999054', '73'),
(30969, 'chicosystems.com', '1416103998235', '0'),
(30970, 'two.com', '1416107600670', '-1'),
(30971, 'digitalpath.com', '1416107600321', '65'),
(30972, 'digg.com', '1416107598960', '-1'),
(30973, 'news.com', '1416107599489', '1'),
(30974, 'one.com', '1416107598769', '182'),
(30975, 'plesk.com', '1416107599017', '41'),
(30976, 'gmail.com', '1416107597658', '52'),
(30977, 'hotmail.com', '1416107601448', '62'),
(30978, 'earlhart.com', '1416107599386', '36'),
(30979, 'digitalpath.net', '1416107598473', '65'),
(30980, 'chicosystems.com', '1416107598305', '0'),
(30981, 'digitalpath.com', '1416111200021', '67'),
(30982, 'two.com', '1416111201689', '-1'),
(30983, 'digg.com', '1416111201017', '-1'),
(30984, 'news.com', '1416111200016', '1'),
(30985, 'one.com', '1416111197317', '183'),
(30986, 'plesk.com', '1416111199772', '43'),
(30987, 'gmail.com', '1416111200781', '53'),
(30988, 'hotmail.com', '1416111201307', '62'),
(30989, 'earlhart.com', '1416111201281', '39'),
(30990, 'digitalpath.net', '1416111199162', '66'),
(30991, 'chicosystems.com', '1416111200744', '0'),
(30992, 'two.com', '1416114803490', '-1'),
(30993, 'digitalpath.com', '1416114803260', '65'),
(30994, 'digg.com', '1416114803011', '-1'),
(30995, 'news.com', '1416114805925', '1'),
(30996, 'one.com', '1416114803931', '184'),
(30997, 'plesk.com', '1416114803202', '41'),
(30998, 'gmail.com', '1416114804612', '52'),
(30999, 'hotmail.com', '1416114803123', '65'),
(31000, 'earlhart.com', '1416114805850', '36'),
(31001, 'digitalpath.net', '1416114805242', '65'),
(31002, 'chicosystems.com', '1416114805245', '0'),
(31003, 'two.com', '1416118407178', '-1'),
(31004, 'digitalpath.com', '1416118404584', '65'),
(31005, 'digg.com', '1416118402788', '-1'),
(31006, 'news.com', '1416118405889', '1'),
(31007, 'one.com', '1416118403594', '185'),
(31008, 'plesk.com', '1416118403400', '40'),
(31009, 'gmail.com', '1416118405293', '52'),
(31010, 'hotmail.com', '1416118404801', '63'),
(31011, 'earlhart.com', '1416118406278', '34'),
(31012, 'digitalpath.net', '1416118404360', '65'),
(31013, 'chicosystems.com', '1416118402760', '0'),
(31014, 'two.com', '1416122004818', '-1'),
(31015, 'digitalpath.com', '1416122004543', '64'),
(31016, 'digg.com', '1416122005464', '-1'),
(31017, 'news.com', '1416122004523', '3'),
(31018, 'one.com', '1416122002234', '184'),
(31019, 'plesk.com', '1416122006292', '40'),
(31020, 'gmail.com', '1416122005949', '52'),
(31021, 'hotmail.com', '1416122004601', '62'),
(31022, 'earlhart.com', '1416122003263', '35'),
(31023, 'digitalpath.net', '1416122004879', '65'),
(31024, 'chicosystems.com', '1416122005341', '0'),
(31025, 'two.com', '1416125609265', '-1'),
(31026, 'digitalpath.com', '1416125606709', '64'),
(31027, 'digg.com', '1416125608801', '-1'),
(31028, 'news.com', '1416125606930', '1'),
(31029, 'one.com', '1416125607531', '183'),
(31030, 'plesk.com', '1416125605165', '39'),
(31031, 'gmail.com', '1416125608951', '51'),
(31032, 'hotmail.com', '1416125609733', '61'),
(31033, 'earlhart.com', '1416125611522', '34'),
(31034, 'digitalpath.net', '1416125607628', '65'),
(31035, 'chicosystems.com', '1416125608603', '0'),
(31036, 'two.com', '1416129212057', '-1'),
(31037, 'digitalpath.com', '1416129210077', '65'),
(31038, 'digg.com', '1416129210024', '-1'),
(31039, 'news.com', '1416129211217', '1'),
(31040, 'one.com', '1416129207343', '183'),
(31041, 'plesk.com', '1416129209322', '41'),
(31042, 'gmail.com', '1416129211580', '52'),
(31043, 'hotmail.com', '1416129210522', '63'),
(31044, 'earlhart.com', '1416129209853', '34'),
(31045, 'digitalpath.net', '1416129209254', '66'),
(31046, 'chicosystems.com', '1416129208732', '0'),
(31047, 'two.com', '1416132810267', '-1'),
(31048, 'digitalpath.com', '1416132810609', '64'),
(31049, 'digg.com', '1416132808230', '-1'),
(31050, 'news.com', '1416132809412', '1'),
(31051, 'one.com', '1416132807151', '183'),
(31052, 'plesk.com', '1416132807872', '40'),
(31053, 'gmail.com', '1416132807633', '52'),
(31054, 'hotmail.com', '1416132810516', '62'),
(31055, 'earlhart.com', '1416132809851', '34'),
(31056, 'digitalpath.net', '1416132808890', '65'),
(31057, 'chicosystems.com', '1416132808419', '0'),
(31058, 'digitalpath.com', '1416136413120', '64'),
(31059, 'two.com', '1416136413182', '-1'),
(31060, 'digg.com', '1416136415301', '-1'),
(31061, 'news.com', '1416136413295', '1'),
(31062, 'one.com', '1416136410319', '184'),
(31063, 'plesk.com', '1416136414670', '40'),
(31064, 'gmail.com', '1416136413131', '52'),
(31065, 'hotmail.com', '1416136413377', '61'),
(31066, 'earlhart.com', '1416136413732', '34'),
(31067, 'digitalpath.net', '1416136413134', '65'),
(31068, 'chicosystems.com', '1416136413040', '0'),
(31069, 'two.com', '1416140015105', '-1'),
(31070, 'digitalpath.com', '1416140015086', '64'),
(31071, 'digg.com', '1416140014267', '-1'),
(31072, 'news.com', '1416140015709', '1'),
(31073, 'one.com', '1416140014016', '183'),
(31074, 'plesk.com', '1416140012291', '40'),
(31075, 'gmail.com', '1416140015592', '52'),
(31076, 'hotmail.com', '1416140014831', '62'),
(31077, 'earlhart.com', '1416140013731', '33'),
(31078, 'digitalpath.net', '1416140013183', '65'),
(31079, 'chicosystems.com', '1416140014028', '0'),
(31080, 'digitalpath.com', '1416143617166', '65'),
(31081, 'two.com', '1416143618691', '-1'),
(31082, 'digg.com', '1416143614596', '-1'),
(31083, 'news.com', '1416143617733', '2'),
(31084, 'one.com', '1416143614584', '184'),
(31085, 'plesk.com', '1416143616100', '41'),
(31086, 'gmail.com', '1416143615263', '52'),
(31087, 'hotmail.com', '1416143617337', '63'),
(31088, 'earlhart.com', '1416143614752', '34'),
(31089, 'digitalpath.net', '1416143616034', '65'),
(31090, 'chicosystems.com', '1416143614224', '0'),
(31091, 'two.com', '1416147215950', '-1'),
(31092, 'digitalpath.com', '1416147219648', '65'),
(31093, 'digg.com', '1416147215716', '-1'),
(31094, 'news.com', '1416147218874', '1'),
(31095, 'one.com', '1416147217203', '184'),
(31096, 'plesk.com', '1416147220125', '41'),
(31097, 'gmail.com', '1416147217828', '52'),
(31098, 'hotmail.com', '1416147218177', '63'),
(31099, 'earlhart.com', '1416147218218', '34'),
(31100, 'digitalpath.net', '1416147217398', '65'),
(31101, 'chicosystems.com', '1416147219111', '0'),
(31102, 'digitalpath.com', '1416150815770', '64'),
(31103, 'two.com', '1416150819105', '-1'),
(31104, 'digg.com', '1416150820410', '-1'),
(31105, 'news.com', '1416150816301', '1'),
(31106, 'one.com', '1416150813891', '184'),
(31107, 'plesk.com', '1416150815490', '40'),
(31108, 'gmail.com', '1416150814253', '53'),
(31109, 'hotmail.com', '1416150815632', '63'),
(31110, 'earlhart.com', '1416150816312', '34'),
(31111, 'digitalpath.net', '1416150815187', '66'),
(31112, 'chicosystems.com', '1416150815580', '0'),
(31113, 'two.com', '1416154424794', '-1'),
(31114, 'digitalpath.com', '1416154420136', '64'),
(31115, 'digg.com', '1416154420977', '-1'),
(31116, 'news.com', '1416154420847', '1'),
(31117, 'one.com', '1416154418968', '183'),
(31118, 'plesk.com', '1416154420270', '40'),
(31119, 'gmail.com', '1416154419233', '52'),
(31120, 'hotmail.com', '1416154417854', '62'),
(31121, 'earlhart.com', '1416154419679', '33'),
(31122, 'digitalpath.net', '1416154419295', '65'),
(31123, 'chicosystems.com', '1416154419499', '0'),
(31124, 'digitalpath.com', '1416158923534', '67'),
(31125, 'two.com', '1416158922194', '-1'),
(31126, 'digg.com', '1416158923514', '-1'),
(31127, 'news.com', '1416158921099', '3'),
(31128, 'one.com', '1416158922067', '185'),
(31129, 'plesk.com', '1416158923392', '43'),
(31130, 'gmail.com', '1416158921743', '53'),
(31131, 'hotmail.com', '1416158923989', '63'),
(31132, 'earlhart.com', '1416158922598', '34'),
(31133, 'digitalpath.net', '1416158920325', '65'),
(31134, 'chicosystems.com', '1416158923250', '0'),
(31135, 'digitalpath.com', '1416164797827', '796'),
(31136, 'two.com', '1416164796106', '-1'),
(31137, 'digg.com', '1416164791500', '-1'),
(31138, 'news.com', '1416164800442', '779'),
(31139, 'one.com', '1416164794005', '860'),
(31140, 'plesk.com', '1416164796780', '772'),
(31141, 'gmail.com', '1416164793052', '744'),
(31142, 'hotmail.com', '1416164799875', '754'),
(31143, 'earlhart.com', '1416164795238', '779'),
(31144, 'digitalpath.net', '1416164799563', '764'),
(31145, 'chicosystems.com', '1416164796169', '770'),
(31146, 'digitalpath.com', '1416166948007', '679'),
(31147, 'two.com', '1416166955633', '12820'),
(31148, 'digg.com', '1416166950007', '12499'),
(31149, 'news.com', '1416166953585', '683'),
(31150, 'one.com', '1416166948607', '806'),
(31151, 'plesk.com', '1416166955006', '686'),
(31152, 'gmail.com', '1416166955047', '1323'),
(31153, 'hotmail.com', '1416166952842', '670'),
(31154, 'earlhart.com', '1416166952881', '695'),
(31155, 'digitalpath.net', '1416166952434', '1014'),
(31156, 'chicosystems.com', '1416166951264', '650'),
(31157, 'digitalpath.com', '1416171131861', '713'),
(31158, 'two.com', '1416171133214', '0'),
(31159, 'digg.com', '1416171135009', '0'),
(31160, 'news.com', '1416171133734', '708'),
(31161, 'one.com', '1416171131671', '817'),
(31162, 'plesk.com', '1416171132424', '676'),
(31163, 'gmail.com', '1416171131261', '691'),
(31164, 'hotmail.com', '1416171135579', '687'),
(31165, 'earlhart.com', '1416171131024', '718'),
(31166, 'digitalpath.net', '1416171136562', '696'),
(31167, 'chicosystems.com', '1416171131503', '707'),
(31168, 'digitalpath.com', '1416174756670', '653'),
(31169, 'two.com', '1416174757406', '0'),
(31170, 'digg.com', '1416174752494', '0'),
(31171, 'news.com', '1416174754718', '673'),
(31172, 'one.com', '1416174758760', '776'),
(31173, 'plesk.com', '1416174756104', '656'),
(31174, 'gmail.com', '1416174758561', '631'),
(31175, 'hotmail.com', '1416174757060', '635'),
(31176, 'earlhart.com', '1416174757945', '691'),
(31177, 'digitalpath.net', '1416174755363', '670'),
(31178, 'chicosystems.com', '1416174758603', '660'),
(31179, 'digitalpath.com', '1416178369939', '663'),
(31180, 'two.com', '1416178369129', '0'),
(31181, 'digg.com', '1416178369220', '0'),
(31182, 'news.com', '1416178365533', '674'),
(31183, 'one.com', '1416178367395', '772'),
(31184, 'plesk.com', '1416178365347', '646'),
(31185, 'gmail.com', '1416178366041', '656'),
(31186, 'hotmail.com', '1416178368042', '648'),
(31187, 'earlhart.com', '1416178364240', '699'),
(31188, 'digitalpath.net', '1416178369385', '663'),
(31189, 'chicosystems.com', '1416178363689', '658'),
(31190, 'digitalpath.com', '1416181986235', '725'),
(31191, 'two.com', '1416181984659', '0'),
(31192, 'digg.com', '1416181984643', '0'),
(31193, 'news.com', '1416181983997', '736'),
(31194, 'one.com', '1416181984687', '830'),
(31195, 'plesk.com', '1416181985431', '688'),
(31196, 'gmail.com', '1416181983792', '727'),
(31197, 'hotmail.com', '1416181983599', '718'),
(31198, 'earlhart.com', '1416181983068', '738'),
(31199, 'digitalpath.net', '1416181981928', '725'),
(31200, 'chicosystems.com', '1416181980092', '708'),
(31201, 'digitalpath.com', '1416185679070', '716'),
(31202, 'two.com', '1416185913681', '0'),
(31203, 'digg.com', '1416185681321', '0'),
(31204, 'news.com', '1416185914030', '714'),
(31205, 'one.com', '1416185915866', '794'),
(31206, 'plesk.com', '1416185681264', '684'),
(31207, 'gmail.com', '1416185914932', '696'),
(31208, 'hotmail.com', '1416185907604', '713'),
(31209, 'earlhart.com', '1416185913464', '750'),
(31210, 'digitalpath.net', '1416185681687', '695'),
(31211, 'chicosystems.com', '1416185915420', '717'),
(31212, 'digitalpath.com', '1416189188054', '614'),
(31213, 'two.com', '1416189186830', '0'),
(31214, 'digg.com', '1416189193726', '0'),
(31215, 'news.com', '1416189184038', '639'),
(31216, 'one.com', '1416189191548', '749'),
(31217, 'plesk.com', '1416189190096', '613'),
(31218, 'gmail.com', '1416189189724', '606'),
(31219, 'hotmail.com', '1416189189222', '652'),
(31220, 'earlhart.com', '1416189186886', '671'),
(31221, 'digitalpath.net', '1416189182819', '636'),
(31222, 'chicosystems.com', '1416189041465', '652'),
(31223, 'digitalpath.com', '1416192795124', '681'),
(31224, 'two.com', '1416192798888', '0'),
(31225, 'digg.com', '1416192795328', '0'),
(31226, 'news.com', '1416192797346', '679'),
(31227, 'one.com', '1416192802066', '792'),
(31228, 'plesk.com', '1416192797226', '665'),
(31229, 'gmail.com', '1416192798193', '663'),
(31230, 'hotmail.com', '1416192797703', '688'),
(31231, 'earlhart.com', '1416192796194', '733'),
(31232, 'digitalpath.net', '1416192798967', '689'),
(31233, 'chicosystems.com', '1416192797287', '703'),
(31234, 'digitalpath.com', '1416196264899', '649'),
(31235, 'two.com', '1416196255737', '0'),
(31236, 'digg.com', '1416196259501', '0'),
(31237, 'news.com', '1416196260402', '660'),
(31238, 'one.com', '1416196259315', '783'),
(31239, 'plesk.com', '1416196261423', '632'),
(31240, 'gmail.com', '1416196411825', '640'),
(31241, 'hotmail.com', '1416196257277', '659'),
(31242, 'earlhart.com', '1416196261077', '688'),
(31243, 'digitalpath.net', '1416196258674', '651'),
(31244, 'chicosystems.com', '1416196259971', '673'),
(31245, 'digitalpath.com', '1416199876788', '658'),
(31246, 'two.com', '1416199879099', '0'),
(31247, 'digg.com', '1416199872838', '0'),
(31248, 'news.com', '1416199875717', '668'),
(31249, 'one.com', '1416199874956', '788'),
(31250, 'plesk.com', '1416199878878', '644'),
(31251, 'gmail.com', '1416199871847', '653'),
(31252, 'hotmail.com', '1416199872981', '653'),
(31253, 'earlhart.com', '1416199875906', '687'),
(31254, 'digitalpath.net', '1416199875938', '654'),
(31255, 'chicosystems.com', '1416199873651', '655'),
(31256, 'digitalpath.com', '1416203487758', '676'),
(31257, 'two.com', '1416203490677', '0'),
(31258, 'digg.com', '1416203487160', '0'),
(31259, 'news.com', '1416203487082', '688'),
(31260, 'one.com', '1416203486245', '798'),
(31261, 'plesk.com', '1416203483318', '681'),
(31262, 'gmail.com', '1416203489580', '662'),
(31263, 'hotmail.com', '1416203486209', '679'),
(31264, 'earlhart.com', '1416203488942', '710'),
(31265, 'digitalpath.net', '1416203483732', '666'),
(31266, 'chicosystems.com', '1416203489248', '672'),
(31267, 'digitalpath.com', '1416207114537', '686'),
(31268, 'two.com', '1416207114323', '0'),
(31269, 'digg.com', '1416207112536', '0'),
(31270, 'news.com', '1416207115958', '690'),
(31271, 'one.com', '1416207114199', '831'),
(31272, 'plesk.com', '1416207115548', '698'),
(31273, 'gmail.com', '1416207114317', '666'),
(31274, 'hotmail.com', '1416207110449', '685'),
(31275, 'earlhart.com', '1416207114380', '712'),
(31276, 'digitalpath.net', '1416207113465', '682'),
(31277, 'chicosystems.com', '1416207113957', '676'),
(31278, 'two.com', '1416210757284', '0'),
(31279, 'digitalpath.com', '1416210754541', '676'),
(31280, 'digg.com', '1416210754357', '0'),
(31281, 'news.com', '1416210758319', '690'),
(31282, 'one.com', '1416210757464', '813'),
(31283, 'plesk.com', '1416210760445', '698'),
(31284, 'gmail.com', '1416210754545', '662'),
(31285, 'hotmail.com', '1416210758994', '695'),
(31286, 'earlhart.com', '1416210759527', '704'),
(31287, 'digitalpath.net', '1416210757727', '674'),
(31288, 'chicosystems.com', '1416210757384', '690'),
(31289, 'two.com', '1416214374453', '0'),
(31290, 'digitalpath.com', '1416214371873', '674'),
(31291, 'digg.com', '1416214371279', '0'),
(31292, 'news.com', '1416214373877', '678'),
(31293, 'one.com', '1416214369608', '796'),
(31294, 'plesk.com', '1416214372969', '682'),
(31295, 'gmail.com', '1416214370683', '650'),
(31296, 'hotmail.com', '1416214367400', '676'),
(31297, 'earlhart.com', '1416214373642', '693'),
(31298, 'digitalpath.net', '1416214371523', '667'),
(31299, 'chicosystems.com', '1416214372537', '654'),
(31300, 'digitalpath.com', '1416217990415', '680'),
(31301, 'two.com', '1416217993000', '0'),
(31302, 'digg.com', '1416217984399', '0'),
(31303, 'news.com', '1416217985180', '684'),
(31304, 'one.com', '1416217988028', '812'),
(31305, 'plesk.com', '1416217989236', '700'),
(31306, 'gmail.com', '1416217987767', '658'),
(31307, 'hotmail.com', '1416217986014', '686'),
(31308, 'earlhart.com', '1416217989210', '690'),
(31309, 'digitalpath.net', '1416217987074', '678'),
(31310, 'chicosystems.com', '1416217989771', '661'),
(31311, 'digitalpath.com', '1416221451336', '676'),
(31312, 'two.com', '1416221450991', '0'),
(31313, 'digg.com', '1416221447397', '0'),
(31314, 'news.com', '1416221448092', '676'),
(31315, 'one.com', '1416221453060', '785'),
(31316, 'plesk.com', '1416221453077', '679'),
(31317, 'gmail.com', '1416221451964', '654'),
(31318, 'hotmail.com', '1416221450341', '672'),
(31319, 'earlhart.com', '1416221452706', '687'),
(31320, 'digitalpath.net', '1416221452806', '674'),
(31321, 'chicosystems.com', '1416221451945', '655'),
(31322, 'two.com', '1416225069841', '0'),
(31323, 'digitalpath.com', '1416225066489', '671'),
(31324, 'digg.com', '1416225070135', '0'),
(31325, 'news.com', '1416225070135', '676'),
(31326, 'one.com', '1416225067161', '808'),
(31327, 'plesk.com', '1416225065245', '681'),
(31328, 'gmail.com', '1416225064740', '648'),
(31329, 'hotmail.com', '1416225069352', '678'),
(31330, 'earlhart.com', '1416225067179', '692'),
(31331, 'digitalpath.net', '1416225069517', '670'),
(31332, 'chicosystems.com', '1416225069841', '662'),
(31333, 'digitalpath.com', '1416228689584', '677'),
(31334, 'two.com', '1416228686535', '0'),
(31335, 'digg.com', '1416228683766', '0'),
(31336, 'news.com', '1416228688979', '694'),
(31337, 'one.com', '1416228684204', '806'),
(31338, 'plesk.com', '1416228686618', '687'),
(31339, 'gmail.com', '1416228688393', '667'),
(31340, 'hotmail.com', '1416228684470', '686'),
(31341, 'earlhart.com', '1416228684306', '687'),
(31342, 'digitalpath.net', '1416228684525', '683'),
(31343, 'chicosystems.com', '1416228686212', '675'),
(31344, 'digitalpath.com', '1416232298084', '673'),
(31345, 'two.com', '1416232298882', '0'),
(31346, 'digg.com', '1416232300715', '0'),
(31347, 'news.com', '1416232300408', '691'),
(31348, 'one.com', '1416232301047', '803'),
(31349, 'plesk.com', '1416232302968', '682'),
(31350, 'gmail.com', '1416232300038', '656'),
(31351, 'hotmail.com', '1416232298905', '684'),
(31352, 'earlhart.com', '1416232298307', '702'),
(31353, 'digitalpath.net', '1416232298637', '679'),
(31354, 'chicosystems.com', '1416232299086', '667'),
(31355, 'two.com', '1416235912736', '0'),
(31356, 'digitalpath.com', '1416235915355', '668'),
(31357, 'digg.com', '1416235908976', '0'),
(31358, 'news.com', '1416235915672', '682'),
(31359, 'one.com', '1416235911986', '797'),
(31360, 'plesk.com', '1416235909369', '687'),
(31361, 'gmail.com', '1416235912999', '650'),
(31362, 'hotmail.com', '1416235913410', '666'),
(31363, 'earlhart.com', '1416235910430', '691'),
(31364, 'digitalpath.net', '1416235914676', '671'),
(31365, 'chicosystems.com', '1416235908841', '655'),
(31366, 'digitalpath.com', '1416239531541', '667'),
(31367, 'two.com', '1416239530811', '0'),
(31368, 'digg.com', '1416239531580', '0'),
(31369, 'news.com', '1416239531965', '692'),
(31370, 'one.com', '1416239534078', '809'),
(31371, 'plesk.com', '1416239532076', '701'),
(31372, 'gmail.com', '1416239533699', '652'),
(31373, 'hotmail.com', '1416239535499', '670'),
(31374, 'earlhart.com', '1416239532163', '691'),
(31375, 'digitalpath.net', '1416239532935', '685'),
(31376, 'chicosystems.com', '1416239527449', '661'),
(31377, 'two.com', '1416243146191', '0'),
(31378, 'digitalpath.com', '1416243148454', '648'),
(31379, 'digg.com', '1416243150177', '0'),
(31380, 'news.com', '1416243149075', '668'),
(31381, 'one.com', '1416243147467', '785'),
(31382, 'plesk.com', '1416243149967', '667'),
(31383, 'gmail.com', '1416243145970', '636'),
(31384, 'hotmail.com', '1416243147739', '661'),
(31385, 'earlhart.com', '1416243145610', '667'),
(31386, 'digitalpath.net', '1416243147653', '657'),
(31387, 'chicosystems.com', '1416243147197', '639'),
(31388, 'digitalpath.com', '1416246757183', '757'),
(31389, 'two.com', '1416246754738', '0'),
(31390, 'digg.com', '1416246759480', '0'),
(31391, 'news.com', '1416246758713', '765'),
(31392, 'one.com', '1416246753690', '892'),
(31393, 'plesk.com', '1416246755343', '786'),
(31394, 'gmail.com', '1416246761163', '746'),
(31395, 'hotmail.com', '1416246753653', '768'),
(31396, 'earlhart.com', '1416246755982', '782'),
(31397, 'digitalpath.net', '1416246757831', '766'),
(31398, 'chicosystems.com', '1416246757362', '774'),
(31399, 'two.com', '1416250372974', '0'),
(31400, 'digitalpath.com', '1416250371011', '678'),
(31401, 'digg.com', '1416250372889', '0'),
(31402, 'news.com', '1416250367137', '697'),
(31403, 'one.com', '1416250368400', '800'),
(31404, 'plesk.com', '1416250371229', '692'),
(31405, 'gmail.com', '1416250371924', '666'),
(31406, 'hotmail.com', '1416250368293', '676'),
(31407, 'earlhart.com', '1416250370067', '696'),
(31408, 'digitalpath.net', '1416250369588', '696'),
(31409, 'chicosystems.com', '1416250370750', '667'),
(31410, 'two.com', '1416253991599', '0'),
(31411, 'digitalpath.com', '1416253994236', '710'),
(31412, 'digg.com', '1416253992628', '0'),
(31413, 'news.com', '1416253992670', '716'),
(31414, 'one.com', '1416253997854', '816'),
(31415, 'plesk.com', '1416253994326', '717'),
(31416, 'gmail.com', '1416253990374', '693'),
(31417, 'hotmail.com', '1416253998530', '692'),
(31418, 'earlhart.com', '1416253992589', '728'),
(31419, 'digitalpath.net', '1416253992011', '721'),
(31420, 'chicosystems.com', '1416253993500', '692'),
(31421, 'two.com', '1416257613165', '0'),
(31422, 'digitalpath.com', '1416257618780', '609'),
(31423, 'digg.com', '1416257612893', '0'),
(31424, 'news.com', '1416257617944', '639'),
(31425, 'one.com', '1416257611942', '735'),
(31426, 'plesk.com', '1416257610900', '642'),
(31427, 'gmail.com', '1416257615092', '612'),
(31428, 'hotmail.com', '1416257467539', '638'),
(31429, 'earlhart.com', '1416257613271', '641'),
(31430, 'digitalpath.net', '1416257610517', '617'),
(31431, 'chicosystems.com', '1416257615416', '626'),
(31432, 'two.com', '1416260623672', '0'),
(31433, 'digitalpath.com', '1416261083936', '659'),
(31434, 'digg.com', '1416260778329', '0'),
(31435, 'news.com', '1416261084143', '669'),
(31436, 'one.com', '1416261232688', '792'),
(31437, 'plesk.com', '1416261230736', '668'),
(31438, 'gmail.com', '1416261082863', '639'),
(31439, 'hotmail.com', '1416261075350', '665'),
(31440, 'earlhart.com', '1416261231129', '672'),
(31441, 'digitalpath.net', '1416261085345', '662'),
(31442, 'chicosystems.com', '1416261083114', '655'),
(31443, 'digitalpath.com', '1416264692332', '644'),
(31444, 'news.com', '1416264688573', '661'),
(31445, 'one.com', '1416264690300', '766'),
(31446, 'plesk.com', '1416264690991', '659'),
(31447, 'gmail.com', '1416264689541', '643'),
(31448, 'hotmail.com', '1416264691423', '678'),
(31449, 'earlhart.com', '1416264688173', '667'),
(31450, 'digitalpath.net', '1416264841688', '643'),
(31451, 'chicosystems.com', '1416264690666', '661'),
(31452, 'digitalpath.com', '1416268306575', '633'),
(31453, 'news.com', '1416268303953', '643'),
(31454, 'one.com', '1416268001571', '764'),
(31455, 'plesk.com', '1416267998313', '621'),
(31456, 'gmail.com', '1416268305272', '619');
INSERT INTO `day` (`id`, `ip`, `time`, `latency`) VALUES
(31457, 'hotmail.com', '1416268305850', '642'),
(31458, 'earlhart.com', '1416268304710', '660'),
(31459, 'digitalpath.net', '1416268306882', '626'),
(31460, 'chicosystems.com', '1416268304742', '644'),
(31461, 'digitalpath.com', '1416272139766', '594'),
(31462, 'news.com', '1416272137555', '656'),
(31463, 'gmail.com', '1416272135683', '641'),
(31464, 'hotmail.com', '1416272134229', '586'),
(31465, 'earlhart.com', '1416272132213', '661'),
(31466, 'digitalpath.net', '1416272136300', '614'),
(31467, 'chicosystems.com', '1416272137907', '628');

-- --------------------------------------------------------

--
-- Table structure for table `devices`
--

CREATE TABLE IF NOT EXISTS `devices` (
`id` int(11) NOT NULL,
  `ip` text NOT NULL,
  `name` text NOT NULL,
  `description` text NOT NULL
) ENGINE=InnoDB  DEFAULT CHARSET=latin1 AUTO_INCREMENT=23 ;

--
-- Dumping data for table `devices`
--

INSERT INTO `devices` (`id`, `ip`, `name`, `description`) VALUES
(1, 'google.com', 'GOOGLE', 'I''m pinging google'),
(2, 'facebook.com', 'FACEBOOK', 'This is facebook.'),
(3, 'reddit.com', 'REDDIT', 'this is reddit'),
(4, 'myspace.com', 'myspace', 'myspace is here'),
(5, 'gmail.com', 'Gmail Test', 'Development Test'),
(6, 'hotmail.com', 'HOTMAIL', 'Development Test'),
(7, 'digitalpath.net', 'DigitalPath', 'test'),
(8, 'digitalpath.com', 'DigitalPath INC.', ''),
(9, 'chicosystems.com', 'Chico Systems LLC', ''),
(10, 'news.com', 'NewsBoys', ''),
(11, 'digg.com', 'Digg Stuff', ''),
(12, 'earlhart.com', 'Earlhart Soap Works', ''),
(13, 'plesk.com', 'PLESK', ''),
(14, 'one.com', 'Uno One', ''),
(15, 'two.com', 'Two 2', ''),
(16, 'three.com', 'Three Men', ''),
(17, 'four.com', 'Four Times', ''),
(18, 'tiltservers.com', 'Tilt Servers LLC', ''),
(19, 'tiltservers.net', 'Tilt Servers LLC 2', ''),
(20, 'five.com', 'Fivers', ''),
(21, 'six.com', 'Sixtus', ''),
(22, 'seven.com', 'Se7en', '');

-- --------------------------------------------------------

--
-- Table structure for table `hour`
--

CREATE TABLE IF NOT EXISTS `hour` (
`id` int(11) NOT NULL,
  `ip` text NOT NULL,
  `time` text NOT NULL,
  `latency` int(11) NOT NULL
) ENGINE=InnoDB  DEFAULT CHARSET=latin1 AUTO_INCREMENT=376808 ;

--
-- Dumping data for table `hour`
--

INSERT INTO `hour` (`id`, `ip`, `time`, `latency`) VALUES
(376410, 'two.com', '1416259125878', 0),
(376411, 'digitalpath.com', '1416259141618', 653),
(376412, 'digg.com', '1416259122172', 0),
(376413, 'news.com', '1416259130022', 666),
(376414, 'one.com', '1416259127425', 785),
(376415, 'plesk.com', '1416259124768', 703),
(376416, 'gmail.com', '1416259129974', 673),
(376417, 'hotmail.com', '1416259123607', 635),
(376418, 'earlhart.com', '1416259118090', 647),
(376419, 'digitalpath.net', '1416259111817', 637),
(376420, 'chicosystems.com', '1416259132672', 630),
(376421, 'two.com', '1416259427648', 0),
(376422, 'digitalpath.com', '1416259428234', 631),
(376423, 'digg.com', '1416259416867', 0),
(376424, 'news.com', '1416259434110', 661),
(376425, 'one.com', '1416259418010', 784),
(376426, 'plesk.com', '1416259418482', 645),
(376427, 'gmail.com', '1416259428256', 621),
(376428, 'hotmail.com', '1416259425903', 661),
(376429, 'earlhart.com', '1416259413843', 649),
(376430, 'digitalpath.net', '1416259437146', 638),
(376431, 'chicosystems.com', '1416259435352', 639),
(376432, 'digitalpath.com', '1416259727181', 693),
(376433, 'two.com', '1416259723433', 0),
(376434, 'digg.com', '1416259727128', 0),
(376435, 'news.com', '1416259728025', 701),
(376436, 'one.com', '1416259726344', 797),
(376437, 'plesk.com', '1416259717019', 690),
(376438, 'gmail.com', '1416259737137', 657),
(376439, 'hotmail.com', '1416259708358', 731),
(376440, 'earlhart.com', '1416259715803', 683),
(376441, 'digitalpath.net', '1416259727427', 691),
(376442, 'chicosystems.com', '1416259731591', 718),
(376443, 'two.com', '1416260019380', 0),
(376444, 'digitalpath.com', '1416260013092', 716),
(376445, 'digg.com', '1416260006290', 0),
(376446, 'news.com', '1416260016283', 706),
(376447, 'one.com', '1416260015429', 852),
(376448, 'plesk.com', '1416260014013', 671),
(376449, 'gmail.com', '1416260012238', 644),
(376450, 'hotmail.com', '1416260008571', 704),
(376451, 'earlhart.com', '1416260018243', 674),
(376452, 'digitalpath.net', '1416260013455', 760),
(376453, 'chicosystems.com', '1416260025268', 706),
(376454, 'two.com', '1416260322545', 0),
(376455, 'digitalpath.com', '1416260338512', 649),
(376456, 'digg.com', '1416260330099', 0),
(376457, 'news.com', '1416260340015', 659),
(376458, 'one.com', '1416260324609', 784),
(376459, 'plesk.com', '1416260335836', 671),
(376460, 'gmail.com', '1416260332166', 639),
(376461, 'hotmail.com', '1416260321802', 639),
(376462, 'earlhart.com', '1416260328992', 655),
(376463, 'digitalpath.net', '1416260332079', 640),
(376464, 'chicosystems.com', '1416260336601', 639),
(376465, 'two.com', '1416260614763', 0),
(376466, 'digitalpath.com', '1416260629966', 640),
(376467, 'digg.com', '1416260641966', 0),
(376468, 'news.com', '1416260636517', 658),
(376469, 'one.com', '1416260627726', 785),
(376470, 'plesk.com', '1416260623781', 657),
(376471, 'gmail.com', '1416260629031', 641),
(376472, 'hotmail.com', '1416260624105', 649),
(376473, 'earlhart.com', '1416260631917', 666),
(376474, 'digitalpath.net', '1416260641941', 637),
(376475, 'chicosystems.com', '1416260625953', 685),
(376476, 'two.com', '1416260922024', 0),
(376477, 'digitalpath.com', '1416260919812', 644),
(376478, 'digg.com', '1416260940460', 0),
(376479, 'news.com', '1416260926211', 656),
(376480, 'one.com', '1416260936480', 821),
(376481, 'plesk.com', '1416260923400', 647),
(376482, 'gmail.com', '1416260930503', 623),
(376483, 'hotmail.com', '1416260913330', 664),
(376484, 'earlhart.com', '1416260926773', 670),
(376485, 'digitalpath.net', '1416260933920', 681),
(376486, 'chicosystems.com', '1416260941805', 655),
(376487, 'two.com', '1416261233822', 0),
(376488, 'digitalpath.com', '1416261237568', 633),
(376489, 'digg.com', '1416261238907', 0),
(376490, 'news.com', '1416261237280', 692),
(376491, 'one.com', '1416261242847', 773),
(376492, 'plesk.com', '1416261237372', 669),
(376493, 'gmail.com', '1416261227618', 652),
(376494, 'hotmail.com', '1416261232122', 672),
(376495, 'earlhart.com', '1416261234612', 655),
(376496, 'digitalpath.net', '1416261236255', 636),
(376497, 'chicosystems.com', '1416261228149', 648),
(376498, 'two.com', '1416261529182', 0),
(376499, 'digitalpath.com', '1416261554570', 667),
(376500, 'digg.com', '1416261535893', 0),
(376501, 'news.com', '1416261539984', 647),
(376502, 'one.com', '1416261542225', 788),
(376503, 'plesk.com', '1416261543872', 672),
(376504, 'gmail.com', '1416261541619', 644),
(376505, 'hotmail.com', '1416261542172', 662),
(376506, 'earlhart.com', '1416261528575', 697),
(376507, 'digitalpath.net', '1416261549328', 666),
(376508, 'chicosystems.com', '1416261536998', 646),
(376509, 'two.com', '1416261820256', 0),
(376510, 'digitalpath.com', '1416261828624', 673),
(376511, 'digg.com', '1416261805889', 0),
(376512, 'news.com', '1416261838866', 681),
(376513, 'one.com', '1416261841087', 768),
(376514, 'plesk.com', '1416261837669', 675),
(376515, 'gmail.com', '1416261836754', 644),
(376516, 'hotmail.com', '1416261828978', 687),
(376517, 'earlhart.com', '1416261834558', 688),
(376518, 'digitalpath.net', '1416261836695', 656),
(376519, 'chicosystems.com', '1416261838893', 621),
(376520, 'digitalpath.com', '1416262140995', 669),
(376521, 'news.com', '1416262135477', 655),
(376522, 'one.com', '1416262131987', 766),
(376523, 'plesk.com', '1416262132567', 682),
(376524, 'gmail.com', '1416262134081', 612),
(376525, 'hotmail.com', '1416262127632', 649),
(376526, 'earlhart.com', '1416262137652', 684),
(376527, 'digitalpath.net', '1416262135929', 673),
(376528, 'chicosystems.com', '1416262129557', 625),
(376529, 'digitalpath.com', '1416262453321', 660),
(376530, 'news.com', '1416262434079', 658),
(376531, 'one.com', '1416262434082', 796),
(376532, 'plesk.com', '1416262436532', 641),
(376533, 'gmail.com', '1416262448942', 650),
(376534, 'hotmail.com', '1416262442177', 625),
(376535, 'earlhart.com', '1416262446263', 653),
(376536, 'digitalpath.net', '1416262437594', 642),
(376537, 'chicosystems.com', '1416262428671', 642),
(376538, 'digitalpath.com', '1416262735368', 644),
(376539, 'news.com', '1416262742874', 659),
(376540, 'one.com', '1416262736757', 785),
(376541, 'plesk.com', '1416262736038', 682),
(376542, 'gmail.com', '1416262736015', 645),
(376543, 'hotmail.com', '1416262729055', 638),
(376544, 'earlhart.com', '1416262739031', 668),
(376545, 'digitalpath.net', '1416262742377', 624),
(376546, 'chicosystems.com', '1416262738535', 639),
(376547, 'digitalpath.com', '1416263024880', 625),
(376548, 'news.com', '1416263025535', 649),
(376549, 'one.com', '1416263024604', 774),
(376550, 'plesk.com', '1416263030445', 670),
(376551, 'gmail.com', '1416263027489', 737),
(376552, 'hotmail.com', '1416263029188', 659),
(376553, 'earlhart.com', '1416263025164', 660),
(376554, 'digitalpath.net', '1416263022013', 632),
(376555, 'chicosystems.com', '1416263028467', 641),
(376556, 'digitalpath.com', '1416263326288', 635),
(376557, 'news.com', '1416263328142', 678),
(376558, 'one.com', '1416263328761', 759),
(376559, 'plesk.com', '1416263332745', 642),
(376560, 'gmail.com', '1416263326981', 622),
(376561, 'hotmail.com', '1416263329836', 714),
(376562, 'earlhart.com', '1416263324109', 724),
(376563, 'digitalpath.net', '1416263328655', 622),
(376564, 'chicosystems.com', '1416263325843', 641),
(376565, 'digitalpath.com', '1416263641994', 640),
(376566, 'news.com', '1416263626816', 681),
(376567, 'one.com', '1416263635216', 776),
(376568, 'plesk.com', '1416263636560', 636),
(376569, 'gmail.com', '1416263632745', 607),
(376570, 'hotmail.com', '1416263631238', 618),
(376571, 'earlhart.com', '1416263628909', 684),
(376572, 'digitalpath.net', '1416263625681', 645),
(376573, 'chicosystems.com', '1416263643760', 686),
(376574, 'digitalpath.com', '1416263936109', 663),
(376575, 'news.com', '1416263928995', 646),
(376576, 'one.com', '1416263944641', 771),
(376577, 'plesk.com', '1416263932129', 644),
(376578, 'gmail.com', '1416263938238', 665),
(376579, 'hotmail.com', '1416263933964', 665),
(376580, 'earlhart.com', '1416263936497', 647),
(376581, 'digitalpath.net', '1416263926980', 638),
(376582, 'chicosystems.com', '1416263941291', 751),
(376583, 'digitalpath.com', '1416264243011', 634),
(376584, 'news.com', '1416264240060', 632),
(376585, 'one.com', '1416264245918', 744),
(376586, 'plesk.com', '1416264248081', 677),
(376587, 'gmail.com', '1416264243004', 622),
(376588, 'hotmail.com', '1416264235888', 690),
(376589, 'earlhart.com', '1416264234562', 648),
(376590, 'digitalpath.net', '1416264241435', 647),
(376591, 'chicosystems.com', '1416264247789', 713),
(376592, 'digitalpath.com', '1416264553318', 630),
(376593, 'news.com', '1416264535906', 662),
(376594, 'one.com', '1416264538325', 719),
(376595, 'plesk.com', '1416264539084', 655),
(376596, 'gmail.com', '1416264531581', 631),
(376597, 'hotmail.com', '1416264537531', 667),
(376598, 'earlhart.com', '1416264542643', 693),
(376599, 'digitalpath.net', '1416264547214', 635),
(376600, 'chicosystems.com', '1416264542866', 618),
(376601, 'digitalpath.com', '1416264843469', 647),
(376602, 'news.com', '1416264844111', 689),
(376603, 'one.com', '1416264845728', 744),
(376604, 'plesk.com', '1416264854178', 675),
(376605, 'gmail.com', '1416264840827', 615),
(376606, 'hotmail.com', '1416264858274', 717),
(376607, 'earlhart.com', '1416264850410', 661),
(376608, 'digitalpath.net', '1416264855316', 635),
(376609, 'chicosystems.com', '1416264838341', 653),
(376610, 'digitalpath.com', '1416265146073', 645),
(376611, 'news.com', '1416265150758', 651),
(376612, 'one.com', '1416265151875', 810),
(376613, 'plesk.com', '1416265144719', 700),
(376614, 'gmail.com', '1416265153296', 614),
(376615, 'hotmail.com', '1416265144662', 689),
(376616, 'earlhart.com', '1416265147154', 668),
(376617, 'digitalpath.net', '1416265150810', 635),
(376618, 'chicosystems.com', '1416265156191', 669),
(376619, 'digitalpath.com', '1416265440585', 649),
(376620, 'news.com', '1416265439046', 679),
(376621, 'one.com', '1416265439934', 731),
(376622, 'plesk.com', '1416265435656', 649),
(376623, 'gmail.com', '1416265441790', 637),
(376624, 'hotmail.com', '1416265441136', 695),
(376625, 'earlhart.com', '1416265438304', 649),
(376626, 'digitalpath.net', '1416265433349', 621),
(376627, 'chicosystems.com', '1416265431379', 664),
(376628, 'digitalpath.com', '1416265753662', 652),
(376629, 'news.com', '1416265754433', 672),
(376630, 'one.com', '1416265752186', 820),
(376631, 'plesk.com', '1416265747012', 673),
(376632, 'gmail.com', '1416265748893', 665),
(376633, 'hotmail.com', '1416265753624', 662),
(376634, 'earlhart.com', '1416265746273', 666),
(376635, 'digitalpath.net', '1416265754010', 656),
(376636, 'chicosystems.com', '1416265749054', 664),
(376637, 'digitalpath.com', '1416266051165', 675),
(376638, 'news.com', '1416266041702', 652),
(376639, 'one.com', '1416266037929', 783),
(376640, 'plesk.com', '1416266044491', 648),
(376641, 'gmail.com', '1416266045830', 670),
(376642, 'hotmail.com', '1416266046756', 663),
(376643, 'earlhart.com', '1416266041177', 653),
(376644, 'digitalpath.net', '1416266044249', 678),
(376645, 'chicosystems.com', '1416266046157', 638),
(376646, 'digitalpath.com', '1416266347439', 641),
(376647, 'news.com', '1416266347378', 644),
(376648, 'one.com', '1416266338493', 767),
(376649, 'plesk.com', '1416266346796', 643),
(376650, 'gmail.com', '1416266343819', 635),
(376651, 'hotmail.com', '1416266354979', 703),
(376652, 'earlhart.com', '1416266342875', 658),
(376653, 'digitalpath.net', '1416266350879', 670),
(376654, 'chicosystems.com', '1416266336859', 603),
(376655, 'digitalpath.com', '1416266660732', 637),
(376656, 'news.com', '1416266644120', 652),
(376657, 'one.com', '1416266648344', 770),
(376658, 'plesk.com', '1416266657463', 668),
(376659, 'gmail.com', '1416266651321', 657),
(376660, 'hotmail.com', '1416266653558', 694),
(376661, 'earlhart.com', '1416266646515', 665),
(376662, 'digitalpath.net', '1416266647885', 636),
(376663, 'chicosystems.com', '1416266652606', 640),
(376664, 'digitalpath.com', '1416266950272', 614),
(376665, 'news.com', '1416266956282', 684),
(376666, 'one.com', '1416266958885', 810),
(376667, 'plesk.com', '1416266949395', 619),
(376668, 'gmail.com', '1416266956051', 623),
(376669, 'hotmail.com', '1416266952838', 618),
(376670, 'earlhart.com', '1416266950181', 685),
(376671, 'digitalpath.net', '1416266953285', 641),
(376672, 'chicosystems.com', '1416266958443', 739),
(376673, 'digitalpath.com', '1416267264711', 652),
(376674, 'news.com', '1416267257059', 635),
(376675, 'one.com', '1416267267597', 749),
(376676, 'plesk.com', '1416267255999', 571),
(376677, 'gmail.com', '1416267250123', 589),
(376678, 'hotmail.com', '1416267260359', 653),
(376679, 'earlhart.com', '1416267259924', 654),
(376680, 'digitalpath.net', '1416267256036', 634),
(376681, 'chicosystems.com', '1416267258411', 626),
(376682, 'digitalpath.com', '1416267548015', 667),
(376683, 'news.com', '1416267549575', 653),
(376684, 'one.com', '1416267552230', 796),
(376685, 'plesk.com', '1416267546829', 632),
(376686, 'gmail.com', '1416267542879', 643),
(376687, 'hotmail.com', '1416267544973', 678),
(376688, 'earlhart.com', '1416267549186', 654),
(376689, 'digitalpath.net', '1416267552737', 628),
(376690, 'chicosystems.com', '1416267549579', 696),
(376691, 'digitalpath.com', '1416267852171', 648),
(376692, 'news.com', '1416267850887', 641),
(376693, 'one.com', '1416267844007', 784),
(376694, 'plesk.com', '1416267856730', 632),
(376695, 'gmail.com', '1416267854112', 647),
(376696, 'hotmail.com', '1416267847296', 647),
(376697, 'earlhart.com', '1416267852884', 628),
(376698, 'digitalpath.net', '1416267853727', 642),
(376699, 'chicosystems.com', '1416267847482', 626),
(376700, 'digitalpath.com', '1416268138118', 617),
(376701, 'news.com', '1416268144040', 633),
(376702, 'one.com', '1416268153272', 793),
(376703, 'plesk.com', '1416268155265', 588),
(376704, 'gmail.com', '1416268164679', 606),
(376705, 'hotmail.com', '1416268147436', 660),
(376706, 'earlhart.com', '1416268150681', 658),
(376707, 'digitalpath.net', '1416268155978', 610),
(376708, 'chicosystems.com', '1416268146674', 624),
(376709, 'digitalpath.com', '1416268451711', 586),
(376710, 'news.com', '1416268446149', 648),
(376711, 'one.com', '1416268467906', 752),
(376712, 'plesk.com', '1416268446209', 608),
(376713, 'gmail.com', '1416268451207', 596),
(376714, 'hotmail.com', '1416268449556', 607),
(376715, 'earlhart.com', '1416268454099', 736),
(376716, 'digitalpath.net', '1416268454770', 595),
(376717, 'chicosystems.com', '1416268451473', 629),
(376718, 'digitalpath.com', '1416268752606', 619),
(376719, 'news.com', '1416268753271', 626),
(376720, 'one.com', '1416268745934', 758),
(376721, 'plesk.com', '1416268734498', 644),
(376722, 'gmail.com', '1416268752599', 610),
(376723, 'hotmail.com', '1416268747758', 652),
(376724, 'earlhart.com', '1416268749706', 662),
(376725, 'digitalpath.net', '1416268754737', 630),
(376726, 'chicosystems.com', '1416268752117', 637),
(376727, 'digitalpath.com', '1416269064802', 718),
(376728, 'news.com', '1416269056374', 651),
(376729, 'one.com', '1416269059855', 712),
(376730, 'plesk.com', '1416269059158', 599),
(376731, 'gmail.com', '1416269067033', 630),
(376732, 'hotmail.com', '1416269055052', 612),
(376733, 'earlhart.com', '1416269041979', 657),
(376734, 'digitalpath.net', '1416269051071', 635),
(376735, 'chicosystems.com', '1416269051520', 656),
(376736, 'digitalpath.com', '1416269365027', 617),
(376737, 'news.com', '1416269361315', 621),
(376738, 'one.com', '1416269317684', 724),
(376739, 'plesk.com', '1416269321592', 656),
(376740, 'gmail.com', '1416269371486', 592),
(376741, 'hotmail.com', '1416269376790', 626),
(376742, 'earlhart.com', '1416269366791', 659),
(376743, 'digitalpath.net', '1416269370867', 636),
(376744, 'chicosystems.com', '1416269366370', 627),
(376745, 'digitalpath.com', '1416269665169', 610),
(376746, 'news.com', '1416269656766', 653),
(376747, 'gmail.com', '1416269649604', 603),
(376748, 'hotmail.com', '1416269652427', 666),
(376749, 'earlhart.com', '1416269658110', 621),
(376750, 'digitalpath.net', '1416269668938', 628),
(376751, 'chicosystems.com', '1416269653101', 625),
(376752, 'digitalpath.com', '1416269965566', 619),
(376753, 'news.com', '1416269971608', 620),
(376754, 'gmail.com', '1416269952174', 643),
(376755, 'hotmail.com', '1416269982165', 599),
(376756, 'earlhart.com', '1416269976472', 652),
(376757, 'digitalpath.net', '1416269962559', 603),
(376758, 'chicosystems.com', '1416269969133', 610),
(376759, 'digitalpath.com', '1416270254702', 597),
(376760, 'news.com', '1416270255604', 635),
(376761, 'gmail.com', '1416270240119', 600),
(376762, 'hotmail.com', '1416270258278', 582),
(376763, 'earlhart.com', '1416270257541', 599),
(376764, 'digitalpath.net', '1416270261721', 616),
(376765, 'chicosystems.com', '1416270265087', 692),
(376766, 'digitalpath.com', '1416270581819', 610),
(376767, 'news.com', '1416270557715', 625),
(376768, 'gmail.com', '1416270564132', 622),
(376769, 'hotmail.com', '1416270573099', 579),
(376770, 'earlhart.com', '1416270559987', 647),
(376771, 'digitalpath.net', '1416270560954', 686),
(376772, 'chicosystems.com', '1416270564177', 582),
(376773, 'digitalpath.com', '1416272539148', 666),
(376774, 'news.com', '1416272534791', 781),
(376775, 'gmail.com', '1416272531726', 703),
(376776, 'hotmail.com', '1416272517524', 652),
(376777, 'earlhart.com', '1416272505201', 771),
(376778, 'digitalpath.net', '1416272529009', 718),
(376779, 'chicosystems.com', '1416272527158', 719),
(376780, 'digitalpath.com', '1416272856271', 624),
(376781, 'news.com', '1416272858355', 705),
(376782, 'gmail.com', '1416272862333', 708),
(376783, 'hotmail.com', '1416272850682', 683),
(376784, 'earlhart.com', '1416272854693', 757),
(376785, 'digitalpath.net', '1416272862681', 726),
(376786, 'chicosystems.com', '1416272862933', 703),
(376787, 'digitalpath.com', '1416273157794', 422),
(376788, 'news.com', '1416273147699', 522),
(376789, 'gmail.com', '1416273159546', 498),
(376790, 'hotmail.com', '1416273147096', 385),
(376791, 'earlhart.com', '1416273149015', 451),
(376792, 'digitalpath.net', '1416273149816', 401),
(376793, 'chicosystems.com', '1416273150354', 418),
(376794, 'digitalpath.com', '1416273448865', 650),
(376795, 'news.com', '1416273471170', 670),
(376796, 'gmail.com', '1416273456244', 715),
(376797, 'hotmail.com', '1416273458696', 636),
(376798, 'earlhart.com', '1416273466841', 744),
(376799, 'digitalpath.net', '1416273453621', 541),
(376800, 'chicosystems.com', '1416273457735', 655),
(376801, 'digitalpath.com', '1416273756200', 573),
(376802, 'news.com', '1416273749793', 572),
(376803, 'gmail.com', '1416273753985', 689),
(376804, 'hotmail.com', '1416273754497', 547),
(376805, 'earlhart.com', '1416273764178', 701),
(376806, 'digitalpath.net', '1416273756883', 648),
(376807, 'chicosystems.com', '1416273762305', 583);

-- --------------------------------------------------------

--
-- Table structure for table `minute`
--

CREATE TABLE IF NOT EXISTS `minute` (
`id` int(11) NOT NULL,
  `ip` text NOT NULL,
  `time` text NOT NULL,
  `latency` int(11) NOT NULL
) ENGINE=InnoDB  DEFAULT CHARSET=latin1 AUTO_INCREMENT=18216923 ;

--
-- Dumping data for table `minute`
--

INSERT INTO `minute` (`id`, `ip`, `time`, `latency`) VALUES
(18216011, 'news.com', '1416273141810', 621),
(18216012, 'digitalpath.com', '1416273142793', 700),
(18216013, 'digitalpath.net', '1416273143685', 615),
(18216014, 'digitalpath.net', '1416273144400', 615),
(18216015, 'hotmail.com', '1416273144574', 606),
(18216016, 'chicosystems.com', '1416273145293', 620),
(18216017, 'earlhart.com', '1416273145527', 673),
(18216018, 'gmail.com', '1416273146194', 616),
(18216019, 'gmail.com', '1416273146427', 596),
(18216020, 'news.com', '1416273147377', 864),
(18216021, 'digitalpath.com', '1416273147551', 850),
(18216022, 'digitalpath.net', '1416273148436', 600),
(18216023, 'digitalpath.net', '1416273148436', 773),
(18216024, 'hotmail.com', '1416273150846', 602),
(18216025, 'chicosystems.com', '1416273150846', 595),
(18216026, 'gmail.com', '1416273151900', 586),
(18216027, 'earlhart.com', '1416273151900', 643),
(18216028, 'gmail.com', '1416273152933', 748),
(18216029, 'news.com', '1416273153967', 756),
(18216030, 'news.com', '1416273154890', 630),
(18216031, 'digitalpath.com', '1416273155882', 720),
(18216032, 'digitalpath.net', '1416273156918', 597),
(18216033, 'hotmail.com', '1416273157967', 756),
(18216034, 'chicosystems.com', '1416273158953', 629),
(18216035, 'earlhart.com', '1416273160094', 865),
(18216036, 'gmail.com', '1416273161002', 623),
(18216037, 'gmail.com', '1416273161909', 604),
(18216038, 'news.com', '1416273162805', 612),
(18216039, 'news.com', '1416273163728', 639),
(18216040, 'digitalpath.com', '1416273164635', 621),
(18216041, 'digitalpath.net', '1416273165513', 596),
(18216042, 'hotmail.com', '1416273166508', 656),
(18216043, 'chicosystems.com', '1416273169002', 613),
(18216044, 'earlhart.com', '1416273173208', 0),
(18216045, 'gmail.com', '1416273174072', 584),
(18216046, 'gmail.com', '1416273175112', 616),
(18216047, 'gmail.com', '1416273175991', 611),
(18216048, 'news.com', '1416273180280', 0),
(18216049, 'digitalpath.com', '1416273181201', 598),
(18216050, 'digitalpath.net', '1416273185208', 0),
(18216051, 'digitalpath.net', '1416273186127', 638),
(18216052, 'hotmail.com', '1416273187133', 623),
(18216053, 'chicosystems.com', '1416273188002', 604),
(18216054, 'earlhart.com', '1416273188561', 661),
(18216055, 'gmail.com', '1416273188892', 614),
(18216056, 'gmail.com', '1416273189445', 614),
(18216057, 'news.com', '1416273189789', 623),
(18216058, 'digitalpath.net', '1416273190682', 625),
(18216059, 'digitalpath.net', '1416273190722', 655),
(18216060, 'hotmail.com', '1416273191573', 611),
(18216061, 'chicosystems.com', '1416273191603', 609),
(18216062, 'earlhart.com', '1416273192503', 643),
(18216063, 'gmail.com', '1416273192512', 628),
(18216064, 'digitalpath.com', '1416273193707', 0),
(18216065, 'digitalpath.net', '1416273194682', 682),
(18216066, 'gmail.com', '1416273195551', 601),
(18216067, 'news.com', '1416273196452', 628),
(18216068, 'news.com', '1416273197708', 621),
(18216069, 'gmail.com', '1416273197708', 0),
(18216070, 'chicosystems.com', '1416273198681', 685),
(18216071, 'digitalpath.net', '1416273199601', 654),
(18216072, 'gmail.com', '1416273200881', 1009),
(18216073, 'hotmail.com', '1416273201708', 0),
(18216074, 'earlhart.com', '1416273202665', 645),
(18216075, 'digitalpath.com', '1416273203602', 662),
(18216076, 'gmail.com', '1416273204470', 599),
(18216077, 'gmail.com', '1416273205352', 612),
(18216078, 'news.com', '1416273206329', 670),
(18216079, 'chicosystems.com', '1416273207201', 604),
(18216080, 'digitalpath.net', '1416273211211', 0),
(18216081, 'gmail.com', '1416273212520', 1038),
(18216082, 'hotmail.com', '1416273213411', 622),
(18216083, 'earlhart.com', '1416273215605', 645),
(18216084, 'digitalpath.com', '1416273216492', 619),
(18216085, 'gmail.com', '1416273217391', 595),
(18216086, 'news.com', '1416273218293', 623),
(18216087, 'chicosystems.com', '1416273219162', 599),
(18216088, 'digitalpath.net', '1416273220042', 609),
(18216089, 'gmail.com', '1416273220291', 623),
(18216090, 'earlhart.com', '1416273221261', 686),
(18216091, 'hotmail.com', '1416273221261', 847),
(18216092, 'gmail.com', '1416273222198', 652),
(18216093, 'digitalpath.com', '1416273222198', 655),
(18216094, 'news.com', '1416273223277', 777),
(18216095, 'chicosystems.com', '1416273223277', 716),
(18216096, 'gmail.com', '1416273224193', 638),
(18216097, 'digitalpath.net', '1416273224193', 639),
(18216098, 'earlhart.com', '1416273228209', 628),
(18216099, 'hotmail.com', '1416273228209', 0),
(18216100, 'hotmail.com', '1416273232208', 0),
(18216101, 'gmail.com', '1416273232208', 2821),
(18216102, 'chicosystems.com', '1416273233298', 774),
(18216103, 'news.com', '1416273233298', 795),
(18216104, 'earlhart.com', '1416273235740', 691),
(18216105, 'digitalpath.com', '1416273235740', 627),
(18216106, 'digitalpath.com', '1416273236672', 653),
(18216107, 'gmail.com', '1416273236672', 650),
(18216108, 'hotmail.com', '1416273240708', 0),
(18216109, 'digitalpath.net', '1416273240708', 642),
(18216110, 'chicosystems.com', '1416273241651', 620),
(18216111, 'news.com', '1416273241651', 667),
(18216112, 'earlhart.com', '1416273242600', 663),
(18216113, 'gmail.com', '1416273243479', 593),
(18216114, 'gmail.com', '1416273244390', 604),
(18216115, 'digitalpath.com', '1416273245281', 621),
(18216116, 'digitalpath.com', '1416273245790', 0),
(18216117, 'digitalpath.com', '1416273246171', 605),
(18216118, 'hotmail.com', '1416273247000', 942),
(18216119, 'digitalpath.net', '1416273247880', 613),
(18216120, 'chicosystems.com', '1416273248762', 610),
(18216121, 'news.com', '1416273252713', 0),
(18216122, 'earlhart.com', '1416273253619', 636),
(18216123, 'gmail.com', '1416273256042', 754),
(18216124, 'gmail.com', '1416273256949', 641),
(18216125, 'gmail.com', '1416273258973', 1754),
(18216126, 'digitalpath.com', '1416273259880', 640),
(18216127, 'hotmail.com', '1416273260795', 618),
(18216128, 'digitalpath.net', '1416273261827', 673),
(18216129, 'chicosystems.com', '1416273262780', 685),
(18216130, 'news.com', '1416273265261', 2211),
(18216131, 'earlhart.com', '1416273266180', 622),
(18216132, 'gmail.com', '1416273267070', 608),
(18216133, 'gmail.com', '1416273267949', 597),
(18216134, 'digitalpath.com', '1416273268399', 602),
(18216135, 'hotmail.com', '1416273268861', 627),
(18216136, 'chicosystems.com', '1416273269760', 630),
(18216137, 'news.com', '1416273271520', 1493),
(18216138, 'digitalpath.net', '1416273272207', 0),
(18216139, 'news.com', '1416273272450', 637),
(18216140, 'earlhart.com', '1416273273100', 625),
(18216141, 'gmail.com', '1416273273991', 1271),
(18216142, 'gmail.com', '1416273273992', 615),
(18216143, 'hotmail.com', '1416273276106', 634),
(18216144, 'digitalpath.com', '1416273276959', 593),
(18216145, 'chicosystems.com', '1416273277842', 617),
(18216146, 'digitalpath.com', '1416273278207', 0),
(18216147, 'news.com', '1416273281708', 0),
(18216148, 'gmail.com', '1416273282208', 0),
(18216149, 'digitalpath.net', '1416273283081', 608),
(18216150, 'earlhart.com', '1416273284050', 702),
(18216151, 'hotmail.com', '1416273285709', 0),
(18216152, 'gmail.com', '1416273285829', 1493),
(18216153, 'gmail.com', '1416273286589', 594),
(18216154, 'digitalpath.com', '1416273287098', 999),
(18216155, 'gmail.com', '1416273287468', 605),
(18216156, 'digitalpath.net', '1416273287999', 631),
(18216157, 'earlhart.com', '1416273288378', 645),
(18216158, 'hotmail.com', '1416273288929', 631),
(18216159, 'hotmail.com', '1416273289809', 610),
(18216160, 'chicosystems.com', '1416273290689', 611),
(18216161, 'news.com', '1416273291609', 637),
(18216162, 'gmail.com', '1416273292469', 587),
(18216163, 'gmail.com', '1416273294549', 608),
(18216164, 'digitalpath.com', '1416273295438', 612),
(18216165, 'gmail.com', '1416273296419', 653),
(18216166, 'gmail.com', '1416273297311', 617),
(18216167, 'digitalpath.net', '1416273301208', 0),
(18216168, 'earlhart.com', '1416273302101', 613),
(18216169, 'hotmail.com', '1416273303009', 634),
(18216170, 'chicosystems.com', '1416273303919', 628),
(18216171, 'news.com', '1416273304809', 617),
(18216172, 'gmail.com', '1416273305668', 591),
(18216173, 'digitalpath.com', '1416273306599', 594),
(18216174, 'gmail.com', '1416273307429', 584),
(18216175, 'digitalpath.net', '1416273307480', 606),
(18216176, 'earlhart.com', '1416273308378', 636),
(18216177, 'hotmail.com', '1416273308410', 629),
(18216178, 'chicosystems.com', '1416273309301', 626),
(18216179, 'news.com', '1416273309329', 647),
(18216180, 'gmail.com', '1416273310192', 612),
(18216181, 'digitalpath.com', '1416273310238', 639),
(18216182, 'gmail.com', '1416273311068', 600),
(18216183, 'digitalpath.net', '1416273311123', 609),
(18216184, 'earlhart.com', '1416273313169', 623),
(18216185, 'hotmail.com', '1416273313169', 643),
(18216186, 'chicosystems.com', '1416273314159', 612),
(18216187, 'news.com', '1416273314209', 614),
(18216188, 'gmail.com', '1416273315078', 596),
(18216189, 'digitalpath.com', '1416273316006', 619),
(18216190, 'digitalpath.com', '1416273316878', 594),
(18216191, 'gmail.com', '1416273317747', 586),
(18216192, 'digitalpath.net', '1416273318722', 601),
(18216193, 'earlhart.com', '1416273321976', 2961),
(18216194, 'hotmail.com', '1416273322848', 604),
(18216195, 'chicosystems.com', '1416273323718', 605),
(18216196, 'news.com', '1416273324609', 626),
(18216197, 'gmail.com', '1416273325467', 588),
(18216198, 'digitalpath.com', '1416273326939', 1206),
(18216199, 'digitalpath.com', '1416273327838', 631),
(18216200, 'gmail.com', '1416273331710', 0),
(18216201, 'digitalpath.net', '1416273332597', 620),
(18216202, 'earlhart.com', '1416273333497', 633),
(18216203, 'hotmail.com', '1416273335528', 631),
(18216204, 'chicosystems.com', '1416273339708', 0),
(18216205, 'chicosystems.com', '1416273340597', 609),
(18216206, 'news.com', '1416273341528', 628),
(18216207, 'gmail.com', '1416273342428', 620),
(18216208, 'digitalpath.com', '1416273343318', 621),
(18216209, 'gmail.com', '1416273343428', 585),
(18216210, 'digitalpath.net', '1416273344197', 611),
(18216211, 'earlhart.com', '1416273344348', 651),
(18216212, 'hotmail.com', '1416273345088', 619),
(18216213, 'chicosystems.com', '1416273345239', 622),
(18216214, 'chicosystems.com', '1416273345997', 630),
(18216215, 'gmail.com', '1416273347030', 623),
(18216216, 'news.com', '1416273347954', 627),
(18216217, 'digitalpath.com', '1416273348842', 603),
(18216218, 'news.com', '1416273349208', 0),
(18216219, 'gmail.com', '1416273350067', 592),
(18216220, 'digitalpath.net', '1416273350998', 599),
(18216221, 'earlhart.com', '1416273351897', 617),
(18216222, 'gmail.com', '1416273352793', 591),
(18216223, 'gmail.com', '1416273354868', 601),
(18216224, 'hotmail.com', '1416273355799', 635),
(18216225, 'chicosystems.com', '1416273356940', 873),
(18216226, 'chicosystems.com', '1416273357836', 628),
(18216227, 'digitalpath.com', '1416273359943', 1831),
(18216228, 'news.com', '1416273362464', 2235),
(18216229, 'gmail.com', '1416273363387', 612),
(18216230, 'digitalpath.net', '1416273364277', 616),
(18216231, 'earlhart.com', '1416273365186', 642),
(18216232, 'gmail.com', '1416273366066', 613),
(18216233, 'hotmail.com', '1416273366968', 609),
(18216234, 'chicosystems.com', '1416273367117', 613),
(18216235, 'hotmail.com', '1416273367848', 613),
(18216236, 'digitalpath.com', '1416273368038', 618),
(18216237, 'digitalpath.net', '1416273368718', 602),
(18216238, 'earlhart.com', '1416273369088', 771),
(18216239, 'gmail.com', '1416273369589', 602),
(18216240, 'chicosystems.com', '1416273369956', 600),
(18216241, 'chicosystems.com', '1416273370476', 597),
(18216242, 'news.com', '1416273370857', 623),
(18216243, 'gmail.com', '1416273372941', 2198),
(18216244, 'hotmail.com', '1416273373848', 623),
(18216245, 'hotmail.com', '1416273377708', 0),
(18216246, 'digitalpath.com', '1416273378599', 619),
(18216247, 'digitalpath.net', '1416273379477', 595),
(18216248, 'earlhart.com', '1416273380417', 641),
(18216249, 'gmail.com', '1416273381270', 582),
(18216250, 'chicosystems.com', '1416273385208', 0),
(18216251, 'news.com', '1416273386131', 630),
(18216252, 'gmail.com', '1416273386986', 584),
(18216253, 'gmail.com', '1416273387906', 615),
(18216254, 'digitalpath.com', '1416273388797', 623),
(18216255, 'digitalpath.net', '1416273389676', 612),
(18216256, 'earlhart.com', '1416273390576', 627),
(18216257, 'gmail.com', '1416273391506', 647),
(18216258, 'hotmail.com', '1416273391709', 0),
(18216259, 'chicosystems.com', '1416273392437', 620),
(18216260, 'news.com', '1416273392606', 618),
(18216261, 'gmail.com', '1416273393307', 599),
(18216262, 'gmail.com', '1416273393468', 593),
(18216263, 'digitalpath.com', '1416273394196', 621),
(18216264, 'earlhart.com', '1416273395599', 648),
(18216265, 'digitalpath.net', '1416273395599', 668),
(18216266, 'gmail.com', '1416273399709', 0),
(18216267, 'hotmail.com', '1416273399709', 624),
(18216268, 'gmail.com', '1416273400626', 599),
(18216269, 'gmail.com', '1416273400626', 639),
(18216270, 'digitalpath.com', '1416273401558', 652),
(18216271, 'digitalpath.net', '1416273401558', 629),
(18216272, 'hotmail.com', '1416273402487', 613),
(18216273, 'earlhart.com', '1416273402546', 666),
(18216274, 'hotmail.com', '1416273403368', 609),
(18216275, 'chicosystems.com', '1416273403476', 630),
(18216276, 'news.com', '1416273404292', 641),
(18216277, 'gmail.com', '1416273404349', 598),
(18216278, 'gmail.com', '1416273405146', 582),
(18216279, 'gmail.com', '1416273405225', 605),
(18216280, 'digitalpath.net', '1416273406076', 661),
(18216281, 'digitalpath.com', '1416273406116', 620),
(18216282, 'earlhart.com', '1416273407025', 634),
(18216283, 'hotmail.com', '1416273407047', 647),
(18216284, 'earlhart.com', '1416273409296', 686),
(18216285, 'chicosystems.com', '1416273409296', 629),
(18216286, 'news.com', '1416273410457', 670),
(18216287, 'gmail.com', '1416273410457', 610),
(18216288, 'hotmail.com', '1416273411367', 641),
(18216289, 'gmail.com', '1416273412225', 592),
(18216290, 'digitalpath.net', '1416273413170', 672),
(18216291, 'digitalpath.com', '1416273414035', 595),
(18216292, 'chicosystems.com', '1416273414915', 605),
(18216293, 'news.com', '1416273415818', 617),
(18216294, 'gmail.com', '1416273416946', 862),
(18216295, 'earlhart.com', '1416273417859', 645),
(18216296, 'hotmail.com', '1416273418832', 621),
(18216297, 'gmail.com', '1416273419707', 608),
(18216298, 'digitalpath.net', '1416273423708', 0),
(18216299, 'digitalpath.com', '1416273424597', 618),
(18216300, 'chicosystems.com', '1416273425476', 608),
(18216301, 'news.com', '1416273426655', 911),
(18216302, 'gmail.com', '1416273427505', 584),
(18216303, 'gmail.com', '1416273429944', 856),
(18216304, 'earlhart.com', '1416273430856', 645),
(18216305, 'hotmail.com', '1416273431726', 601),
(18216306, 'gmail.com', '1416273432585', 594),
(18216307, 'digitalpath.net', '1416273433475', 609),
(18216308, 'digitalpath.com', '1416273434355', 612),
(18216309, 'chicosystems.com', '1416273435298', 631),
(18216310, 'news.com', '1416273436206', 638),
(18216311, 'gmail.com', '1416273437064', 589),
(18216312, 'gmail.com', '1416273437944', 587),
(18216313, 'earlhart.com', '1416273438865', 655),
(18216314, 'hotmail.com', '1416273439846', 701),
(18216315, 'gmail.com', '1416273442947', 2813),
(18216316, 'digitalpath.net', '1416273447209', 0),
(18216317, 'digitalpath.com', '1416273448125', 625),
(18216318, 'digitalpath.com', '1416273449005', 609),
(18216319, 'chicosystems.com', '1416273452308', 3032),
(18216320, 'news.com', '1416273453205', 630),
(18216321, 'gmail.com', '1416273454114', 612),
(18216322, 'earlhart.com', '1416273455018', 636),
(18216323, 'hotmail.com', '1416273457605', 622),
(18216324, 'gmail.com', '1416273457984', 595),
(18216325, 'hotmail.com', '1416273458485', 613),
(18216326, 'digitalpath.net', '1416273459356', 606),
(18216327, 'digitalpath.com', '1416273460234', 612),
(18216328, 'chicosystems.com', '1416273461134', 635),
(18216329, 'news.com', '1416273462050', 637),
(18216330, 'gmail.com', '1416273462208', 0),
(18216331, 'gmail.com', '1416273462944', 597),
(18216332, 'earlhart.com', '1416273463093', 619),
(18216333, 'hotmail.com', '1416273463845', 634),
(18216334, 'hotmail.com', '1416273463965', 604),
(18216335, 'digitalpath.net', '1416273464715', 607),
(18216336, 'digitalpath.com', '1416273464834', 606),
(18216337, 'chicosystems.com', '1416273465586', 598),
(18216338, 'news.com', '1416273465725', 608),
(18216339, 'gmail.com', '1416273469708', 0),
(18216340, 'gmail.com', '1416273470585', 607),
(18216341, 'gmail.com', '1416273471463', 593),
(18216342, 'earlhart.com', '1416273472374', 640),
(18216343, 'hotmail.com', '1416273474445', 627),
(18216344, 'digitalpath.net', '1416273475315', 605),
(18216345, 'digitalpath.com', '1416273476214', 630),
(18216346, 'chicosystems.com', '1416273477114', 630),
(18216347, 'news.com', '1416273478005', 624),
(18216348, 'news.com', '1416273482208', 0),
(18216349, 'gmail.com', '1416273483066', 591),
(18216350, 'gmail.com', '1416273483964', 597),
(18216351, 'earlhart.com', '1416273484893', 651),
(18216352, 'hotmail.com', '1416273485807', 613),
(18216353, 'digitalpath.net', '1416273486673', 591),
(18216354, 'digitalpath.com', '1416273487553', 593),
(18216355, 'chicosystems.com', '1416273488526', 637),
(18216356, 'chicosystems.com', '1416273489394', 595),
(18216357, 'news.com', '1416273490357', 691),
(18216358, 'gmail.com', '1416273491225', 590),
(18216359, 'gmail.com', '1416273495209', 0),
(18216360, 'earlhart.com', '1416273496095', 617),
(18216361, 'hotmail.com', '1416273500210', 0),
(18216362, 'hotmail.com', '1416273501124', 641),
(18216363, 'digitalpath.net', '1416273503355', 622),
(18216364, 'digitalpath.com', '1416273504233', 611),
(18216365, 'chicosystems.com', '1416273505114', 612),
(18216366, 'news.com', '1416273506006', 623),
(18216367, 'gmail.com', '1416273506953', 646),
(18216368, 'gmail.com', '1416273507864', 606),
(18216369, 'earlhart.com', '1416273508573', 625),
(18216370, 'hotmail.com', '1416273508772', 612),
(18216371, 'earlhart.com', '1416273509496', 641),
(18216372, 'chicosystems.com', '1416273509633', 594),
(18216373, 'news.com', '1416273510423', 635),
(18216374, 'gmail.com', '1416273510544', 617),
(18216375, 'digitalpath.net', '1416273511435', 608),
(18216376, 'digitalpath.com', '1416273512354', 625),
(18216377, 'gmail.com', '1416273513222', 589),
(18216378, 'hotmail.com', '1416273514708', 0),
(18216379, 'hotmail.com', '1416273515604', 611),
(18216380, 'earlhart.com', '1416273516532', 650),
(18216381, 'earlhart.com', '1416273517452', 622),
(18216382, 'chicosystems.com', '1416273518353', 616),
(18216383, 'chicosystems.com', '1416273520476', 610),
(18216384, 'news.com', '1416273521364', 620),
(18216385, 'gmail.com', '1416273522223', 592),
(18216386, 'digitalpath.net', '1416273523124', 629),
(18216387, 'digitalpath.com', '1416273523993', 604),
(18216388, 'gmail.com', '1416273526535', 2254),
(18216389, 'hotmail.com', '1416273527445', 635),
(18216390, 'earlhart.com', '1416273528369', 621),
(18216391, 'earlhart.com', '1416273529253', 612),
(18216392, 'chicosystems.com', '1416273530113', 591),
(18216393, 'news.com', '1416273531813', 1424),
(18216394, 'gmail.com', '1416273532703', 620),
(18216395, 'digitalpath.net', '1416273533592', 615),
(18216396, 'digitalpath.com', '1416273534473', 608),
(18216397, 'gmail.com', '1416273535342', 602),
(18216398, 'hotmail.com', '1416273536243', 619),
(18216399, 'earlhart.com', '1416273537135', 624),
(18216400, 'earlhart.com', '1416273539336', 1902),
(18216401, 'chicosystems.com', '1416273540235', 631),
(18216402, 'news.com', '1416273541125', 623),
(18216403, 'gmail.com', '1416273543385', 611),
(18216404, 'digitalpath.net', '1416273544281', 624),
(18216405, 'digitalpath.com', '1416273548209', 0),
(18216406, 'gmail.com', '1416273549102', 619),
(18216407, 'gmail.com', '1416273552957', 3544),
(18216408, 'hotmail.com', '1416273556599', 3361),
(18216409, 'earlhart.com', '1416273557491', 623),
(18216410, 'chicosystems.com', '1416273558352', 592),
(18216411, 'news.com', '1416273559362', 733),
(18216412, 'news.com', '1416273560491', 861),
(18216413, 'gmail.com', '1416273561381', 597),
(18216414, 'digitalpath.net', '1416273561953', 618),
(18216415, 'digitalpath.com', '1416273562284', 604),
(18216416, 'gmail.com', '1416273562974', 741),
(18216417, 'hotmail.com', '1416273563164', 608),
(18216418, 'earlhart.com', '1416273563892', 641),
(18216419, 'chicosystems.com', '1416273564154', 683),
(18216420, 'news.com', '1416273564244', 630),
(18216421, 'news.com', '1416273564806', 621),
(18216422, 'digitalpath.com', '1416273565713', 638),
(18216423, 'gmail.com', '1416273565713', 1247),
(18216424, 'hotmail.com', '1416273567846', 665),
(18216425, 'gmail.com', '1416273567846', 604),
(18216426, 'digitalpath.net', '1416273568208', 0),
(18216427, 'chicosystems.com', '1416273568813', 624),
(18216428, 'earlhart.com', '1416273568813', 685),
(18216429, 'news.com', '1416273569091', 607),
(18216430, 'digitalpath.com', '1416273569951', 594),
(18216431, 'hotmail.com', '1416273570842', 625),
(18216432, 'chicosystems.com', '1416273571721', 604),
(18216433, 'news.com', '1416273572707', 0),
(18216434, 'earlhart.com', '1416273572708', 627),
(18216435, 'gmail.com', '1416273573622', 584),
(18216436, 'gmail.com', '1416273573622', 621),
(18216437, 'digitalpath.net', '1416273574551', 632),
(18216438, 'digitalpath.com', '1416273574551', 594),
(18216439, 'hotmail.com', '1416273575482', 609),
(18216440, 'chicosystems.com', '1416273575511', 633),
(18216441, 'chicosystems.com', '1416273576351', 592),
(18216442, 'news.com', '1416273576628', 831),
(18216443, 'earlhart.com', '1416273577307', 637),
(18216444, 'gmail.com', '1416273579963', 1918),
(18216445, 'news.com', '1416273579963', 636),
(18216446, 'gmail.com', '1416273580901', 646),
(18216447, 'hotmail.com', '1416273580901', 629),
(18216448, 'chicosystems.com', '1416273581801', 625),
(18216449, 'gmail.com', '1416273582660', 589),
(18216450, 'digitalpath.net', '1416273586708', 0),
(18216451, 'digitalpath.com', '1416273587592', 614),
(18216452, 'earlhart.com', '1416273588491', 620),
(18216453, 'gmail.com', '1416273589380', 615),
(18216454, 'news.com', '1416273590283', 618),
(18216455, 'gmail.com', '1416273591143', 588),
(18216456, 'digitalpath.net', '1416273592296', 852),
(18216457, 'digitalpath.com', '1416273593191', 625),
(18216458, 'earlhart.com', '1416273594090', 632),
(18216459, 'gmail.com', '1416273594980', 617),
(18216460, 'gmail.com', '1416273595860', 613),
(18216461, 'hotmail.com', '1416273596958', 832),
(18216462, 'chicosystems.com', '1416273597831', 605),
(18216463, 'news.com', '1416273599965', 629),
(18216464, 'gmail.com', '1416273600822', 586),
(18216465, 'digitalpath.net', '1416273601851', 762),
(18216466, 'digitalpath.com', '1416273602759', 631),
(18216467, 'earlhart.com', '1416273603651', 621),
(18216468, 'gmail.com', '1416273605481', 1565),
(18216469, 'hotmail.com', '1416273609707', 0),
(18216470, 'hotmail.com', '1416273610603', 626),
(18216471, 'chicosystems.com', '1416273611510', 629),
(18216472, 'news.com', '1416273612440', 617),
(18216473, 'gmail.com', '1416273613302', 590),
(18216474, 'digitalpath.net', '1416273614191', 619),
(18216475, 'digitalpath.com', '1416273615081', 623),
(18216476, 'earlhart.com', '1416273616020', 661),
(18216477, 'gmail.com', '1416273616901', 599),
(18216478, 'hotmail.com', '1416273617811', 632),
(18216479, 'hotmail.com', '1416273618480', 632),
(18216480, 'chicosystems.com', '1416273618713', 633),
(18216481, 'news.com', '1416273619364', 611),
(18216482, 'gmail.com', '1416273619620', 640),
(18216483, 'gmail.com', '1416273620305', 603),
(18216484, 'digitalpath.net', '1416273621749', 610),
(18216485, 'digitalpath.com', '1416273621749', 648),
(18216486, 'earlhart.com', '1416273622662', 634),
(18216487, 'gmail.com', '1416273622662', 633),
(18216488, 'chicosystems.com', '1416273623630', 643),
(18216489, 'hotmail.com', '1416273623630', 620),
(18216490, 'news.com', '1416273624562', 647),
(18216491, 'news.com', '1416273624562', 605),
(18216492, 'gmail.com', '1416273625500', 617),
(18216493, 'gmail.com', '1416273625539', 652),
(18216494, 'digitalpath.com', '1416273626429', 629),
(18216495, 'digitalpath.net', '1416273626469', 635),
(18216496, 'earlhart.com', '1416273627330', 623),
(18216497, 'gmail.com', '1416273627339', 593),
(18216498, 'hotmail.com', '1416273628241', 633),
(18216499, 'chicosystems.com', '1416273629110', 599),
(18216500, 'news.com', '1416273630001', 618),
(18216501, 'news.com', '1416273630880', 603),
(18216502, 'gmail.com', '1416273631820', 642),
(18216503, 'digitalpath.com', '1416273634082', 819),
(18216504, 'digitalpath.net', '1416273634989', 614),
(18216505, 'earlhart.com', '1416273635889', 629),
(18216506, 'gmail.com', '1416273636829', 613),
(18216507, 'hotmail.com', '1416273637727', 619),
(18216508, 'chicosystems.com', '1416273638629', 616),
(18216509, 'news.com', '1416273639522', 625),
(18216510, 'gmail.com', '1416273640440', 625),
(18216511, 'digitalpath.com', '1416273641309', 603),
(18216512, 'digitalpath.net', '1416273642191', 594),
(18216513, 'earlhart.com', '1416273646208', 0),
(18216514, 'gmail.com', '1416273647099', 624),
(18216515, 'hotmail.com', '1416273648000', 631),
(18216516, 'chicosystems.com', '1416273648910', 640),
(18216517, 'news.com', '1416273649799', 615),
(18216518, 'news.com', '1416273650680', 607),
(18216519, 'gmail.com', '1416273651539', 588),
(18216520, 'digitalpath.com', '1416273652471', 632),
(18216521, 'digitalpath.net', '1416273656708', 0),
(18216522, 'earlhart.com', '1416273657609', 631),
(18216523, 'gmail.com', '1416273659965', 896),
(18216524, 'gmail.com', '1416273662875', 2622),
(18216525, 'hotmail.com', '1416273663760', 616),
(18216526, 'chicosystems.com', '1416273664630', 602),
(18216527, 'news.com', '1416273665520', 625),
(18216528, 'gmail.com', '1416273666418', 618),
(18216529, 'digitalpath.com', '1416273667240', 627),
(18216530, 'digitalpath.net', '1416273668130', 1441),
(18216531, 'earlhart.com', '1416273668131', 623),
(18216532, 'gmail.com', '1416273669057', 604),
(18216533, 'gmail.com', '1416273669057', 641),
(18216534, 'hotmail.com', '1416273673208', 0),
(18216535, 'chicosystems.com', '1416273673208', 644),
(18216536, 'digitalpath.com', '1416273677211', 0),
(18216537, 'hotmail.com', '1416273677211', 633),
(18216538, 'digitalpath.net', '1416273681208', 0),
(18216539, 'earlhart.com', '1416273681208', 678),
(18216540, 'gmail.com', '1416273682138', 646),
(18216541, 'news.com', '1416273682138', 628),
(18216542, 'chicosystems.com', '1416273686208', 0),
(18216543, 'hotmail.com', '1416273686208', 623),
(18216544, 'digitalpath.net', '1416273688325', 659),
(18216545, 'digitalpath.com', '1416273688325', 657),
(18216546, 'earlhart.com', '1416273689263', 662),
(18216547, 'gmail.com', '1416273689272', 659),
(18216548, 'chicosystems.com', '1416273690229', 654),
(18216549, 'news.com', '1416273691121', 625),
(18216550, 'digitalpath.net', '1416273691988', 597),
(18216551, 'digitalpath.com', '1416273692868', 614),
(18216552, 'news.com', '1416273693208', 0),
(18216553, 'earlhart.com', '1416273693791', 630),
(18216554, 'gmail.com', '1416273694209', 0),
(18216555, 'chicosystems.com', '1416273695067', 591),
(18216556, 'hotmail.com', '1416273696079', 715),
(18216557, 'gmail.com', '1416273696939', 584),
(18216558, 'chicosystems.com', '1416273697708', 0),
(18216559, 'news.com', '1416273697839', 635),
(18216560, 'digitalpath.net', '1416273698599', 622),
(18216561, 'earlhart.com', '1416273699489', 627),
(18216562, 'gmail.com', '1416273700339', 584),
(18216563, 'digitalpath.com', '1416273701708', 0),
(18216564, 'digitalpath.com', '1416273702588', 604),
(18216565, 'hotmail.com', '1416273703491', 623),
(18216566, 'chicosystems.com', '1416273704427', 621),
(18216567, 'news.com', '1416273705324', 616),
(18216568, 'gmail.com', '1416273706267', 621),
(18216569, 'gmail.com', '1416273707988', 1430),
(18216570, 'digitalpath.net', '1416273708868', 594),
(18216571, 'earlhart.com', '1416273709785', 633),
(18216572, 'digitalpath.com', '1416273710668', 617),
(18216573, 'digitalpath.com', '1416273711549', 614),
(18216574, 'hotmail.com', '1416273712479', 638),
(18216575, 'chicosystems.com', '1416273713347', 599),
(18216576, 'news.com', '1416273714239', 622),
(18216577, 'gmail.com', '1416273715123', 590),
(18216578, 'gmail.com', '1416273716740', 1327),
(18216579, 'digitalpath.net', '1416273719398', 2390),
(18216580, 'earlhart.com', '1416273723061', 3370),
(18216581, 'earlhart.com', '1416273723967', 628),
(18216582, 'digitalpath.com', '1416273724869', 626),
(18216583, 'hotmail.com', '1416273726998', 638),
(18216584, 'chicosystems.com', '1416273727887', 611),
(18216585, 'news.com', '1416273728797', 630),
(18216586, 'gmail.com', '1416273729661', 590),
(18216587, 'gmail.com', '1416273730536', 594),
(18216588, 'gmail.com', '1416273731442', 616),
(18216589, 'earlhart.com', '1416273732459', 660),
(18216590, 'digitalpath.net', '1416273732478', 677),
(18216591, 'digitalpath.com', '1416273733348', 605),
(18216592, 'hotmail.com', '1416273733397', 631),
(18216593, 'chicosystems.com', '1416273734296', 624),
(18216594, 'news.com', '1416273734306', 611),
(18216595, 'gmail.com', '1416273735178', 606),
(18216596, 'gmail.com', '1416273736068', 602),
(18216597, 'earlhart.com', '1416273737137', 787),
(18216598, 'gmail.com', '1416273738208', 0),
(18216599, 'digitalpath.net', '1416273739227', 739),
(18216600, 'digitalpath.com', '1416273740150', 655),
(18216601, 'hotmail.com', '1416273744208', 0),
(18216602, 'hotmail.com', '1416273748212', 0),
(18216603, 'chicosystems.com', '1416273750186', 592),
(18216604, 'news.com', '1416273751077', 622),
(18216605, 'news.com', '1416273751964', 609),
(18216606, 'gmail.com', '1416273753256', 995),
(18216607, 'earlhart.com', '1416273754180', 635),
(18216608, 'gmail.com', '1416273755058', 613),
(18216609, 'digitalpath.net', '1416273755507', 626),
(18216610, 'digitalpath.com', '1416273756006', 635),
(18216611, 'hotmail.com', '1416273756401', 622),
(18216612, 'chicosystems.com', '1416273756906', 631),
(18216613, 'news.com', '1416273757277', 606),
(18216614, 'news.com', '1416273757823', 609),
(18216615, 'earlhart.com', '1416273758607', 614),
(18216616, 'gmail.com', '1416273758698', 606),
(18216617, 'digitalpath.net', '1416273759520', 630),
(18216618, 'digitalpath.com', '1416273759591', 632),
(18216619, 'hotmail.com', '1416273760399', 611),
(18216620, 'chicosystems.com', '1416273760468', 605),
(18216621, 'gmail.com', '1416273761208', 0),
(18216622, 'news.com', '1416273761279', 614),
(18216623, 'gmail.com', '1416273762098', 619),
(18216624, 'news.com', '1416273761361', 626),
(18216625, 'news.com', '1416273766708', 0),
(18216626, 'gmail.com', '1416273766708', 652),
(18216627, 'earlhart.com', '1416273766708', 643),
(18216628, 'digitalpath.net', '1416273767586', 600),
(18216629, 'digitalpath.com', '1416273767627', 625),
(18216630, 'hotmail.com', '1416273768521', 633),
(18216631, 'chicosystems.com', '1416273768549', 645),
(18216632, 'gmail.com', '1416273769418', 595),
(18216633, 'earlhart.com', '1416273770330', 646),
(18216634, 'news.com', '1416273771237', 637),
(18216635, 'gmail.com', '1416273772178', 673),
(18216636, 'gmail.com', '1416273772707', 0),
(18216637, 'digitalpath.net', '1416273773066', 622),
(18216638, 'digitalpath.com', '1416273773641', 666),
(18216639, 'news.com', '1416273774556', 649),
(18216640, 'hotmail.com', '1416273775522', 669),
(18216641, 'chicosystems.com', '1416273776466', 616),
(18216642, 'gmail.com', '1416273777337', 603),
(18216643, 'earlhart.com', '1416273780205', 1009),
(18216644, 'gmail.com', '1416273781096', 621),
(18216645, 'gmail.com', '1416273781975', 594),
(18216646, 'digitalpath.net', '1416273782867', 619),
(18216647, 'digitalpath.com', '1416273783745', 607),
(18216648, 'news.com', '1416273787708', 0),
(18216649, 'hotmail.com', '1416273788596', 603),
(18216650, 'chicosystems.com', '1416273789506', 604),
(18216651, 'gmail.com', '1416273790392', 621),
(18216652, 'earlhart.com', '1416273791285', 624),
(18216653, 'earlhart.com', '1416273792166', 614),
(18216654, 'gmail.com', '1416273792216', 589),
(18216655, 'digitalpath.net', '1416273793065', 607),
(18216656, 'digitalpath.com', '1416273793106', 610),
(18216657, 'news.com', '1416273793957', 612),
(18216658, 'chicosystems.com', '1416273794836', 607),
(18216659, 'gmail.com', '1416273795696', 592),
(18216660, 'hotmail.com', '1416273797209', 0),
(18216661, 'earlhart.com', '1416273797333', 1288),
(18216662, 'earlhart.com', '1416273798125', 646),
(18216663, 'gmail.com', '1416273798215', 592),
(18216664, 'digitalpath.net', '1416273800190', 661),
(18216665, 'digitalpath.com', '1416273800190', 618),
(18216666, 'news.com', '1416273801116', 648),
(18216667, 'chicosystems.com', '1416273801116', 598),
(18216668, 'hotmail.com', '1416273802054', 641),
(18216669, 'gmail.com', '1416273802054', 659),
(18216670, 'gmail.com', '1416273803057', 637),
(18216671, 'earlhart.com', '1416273803057', 644),
(18216672, 'digitalpath.com', '1416273804024', 610),
(18216673, 'digitalpath.net', '1416273804024', 643),
(18216674, 'chicosystems.com', '1416273804955', 601),
(18216675, 'news.com', '1416273804956', 650),
(18216676, 'hotmail.com', '1416273805860', 603),
(18216677, 'gmail.com', '1416273805860', 623),
(18216678, 'gmail.com', '1416273806735', 609),
(18216679, 'earlhart.com', '1416273807975', 975),
(18216680, 'digitalpath.net', '1416273808866', 619),
(18216681, 'digitalpath.com', '1416273809756', 616),
(18216682, 'chicosystems.com', '1416273810625', 598),
(18216683, 'news.com', '1416273812637', 614),
(18216684, 'gmail.com', '1416273814811', 1898),
(18216685, 'hotmail.com', '1416273816300', 1213),
(18216686, 'gmail.com', '1416273817176', 606),
(18216687, 'earlhart.com', '1416273821208', 0),
(18216688, 'digitalpath.net', '1416273822104', 606),
(18216689, 'digitalpath.net', '1416273822985', 609),
(18216690, 'digitalpath.com', '1416273823867', 617),
(18216691, 'chicosystems.com', '1416273824748', 597),
(18216692, 'news.com', '1416273828708', 0),
(18216693, 'gmail.com', '1416273829575', 593),
(18216694, 'hotmail.com', '1416273830515', 620),
(18216695, 'gmail.com', '1416273831521', 734),
(18216696, 'earlhart.com', '1416273832405', 618),
(18216697, 'earlhart.com', '1416273833368', 640),
(18216698, 'digitalpath.net', '1416273834265', 627),
(18216699, 'digitalpath.com', '1416273838208', 0),
(18216700, 'chicosystems.com', '1416273839105', 617),
(18216701, 'news.com', '1416273839996', 609),
(18216702, 'gmail.com', '1416273840955', 691),
(18216703, 'hotmail.com', '1416273842994', 611),
(18216704, 'gmail.com', '1416273843831', 696),
(18216705, 'earlhart.com', '1416273843885', 622),
(18216706, 'digitalpath.net', '1416273844747', 641),
(18216707, 'digitalpath.com', '1416273844749', 592),
(18216708, 'chicosystems.com', '1416273845710', 634),
(18216709, 'news.com', '1416273845710', 638),
(18216710, 'hotmail.com', '1416273849708', 0),
(18216711, 'gmail.com', '1416273849708', 1434),
(18216712, 'gmail.com', '1416273850926', 648),
(18216713, 'earlhart.com', '1416273850926', 639),
(18216714, 'digitalpath.net', '1416273851865', 663),
(18216715, 'digitalpath.com', '1416273851865', 624),
(18216716, 'chicosystems.com', '1416273852865', 597),
(18216717, 'news.com', '1416273852865', 641),
(18216718, 'chicosystems.com', '1416273853848', 666),
(18216719, 'gmail.com', '1416273853848', 618),
(18216720, 'earlhart.com', '1416273854764', 633),
(18216721, 'digitalpath.com', '1416273855624', 596),
(18216722, 'news.com', '1416273856944', 839),
(18216723, 'digitalpath.net', '1416273857708', 0),
(18216724, 'hotmail.com', '1416273859034', 628),
(18216725, 'gmail.com', '1416273859054', 624),
(18216726, 'chicosystems.com', '1416273859946', 618),
(18216727, 'chicosystems.com', '1416273859984', 628),
(18216728, 'gmail.com', '1416273861864', 1614),
(18216729, 'earlhart.com', '1416273862764', 631),
(18216730, 'earlhart.com', '1416273863643', 613),
(18216731, 'digitalpath.com', '1416273864543', 616),
(18216732, 'digitalpath.net', '1416273865505', 612),
(18216733, 'news.com', '1416273866564', 794),
(18216734, 'hotmail.com', '1416273867485', 609),
(18216735, 'gmail.com', '1416273868374', 620),
(18216736, 'chicosystems.com', '1416273869265', 627),
(18216737, 'gmail.com', '1416273873208', 0),
(18216738, 'gmail.com', '1416273874094', 619),
(18216739, 'earlhart.com', '1416273875003', 614),
(18216740, 'digitalpath.com', '1416273875876', 607),
(18216741, 'digitalpath.net', '1416273876745', 603),
(18216742, 'news.com', '1416273877712', 695),
(18216743, 'hotmail.com', '1416273882708', 0),
(18216744, 'hotmail.com', '1416273883983', 1008),
(18216745, 'gmail.com', '1416273885767', 1414),
(18216746, 'chicosystems.com', '1416273886663', 621),
(18216747, 'gmail.com', '1416273887535', 603),
(18216748, 'earlhart.com', '1416273888442', 641),
(18216749, 'digitalpath.com', '1416273889013', 651),
(18216750, 'digitalpath.net', '1416273889325', 596),
(18216751, 'news.com', '1416273889915', 637),
(18216752, 'hotmail.com', '1416273890193', 603),
(18216753, 'hotmail.com', '1416273890803', 615),
(18216754, 'gmail.com', '1416273891053', 582),
(18216755, 'chicosystems.com', '1416273891663', 594),
(18216756, 'gmail.com', '1416273891932', 600),
(18216757, 'digitalpath.com', '1416273892830', 628),
(18216758, 'earlhart.com', '1416273895709', 0),
(18216759, 'earlhart.com', '1416273896883', 907),
(18216760, 'news.com', '1416273897816', 631),
(18216761, 'gmail.com', '1416273898692', 610),
(18216762, 'chicosystems.com', '1416273899582', 626),
(18216763, 'digitalpath.com', '1416273901688', 666),
(18216764, 'digitalpath.net', '1416273902582', 629),
(18216765, 'hotmail.com', '1416273903513', 623),
(18216766, 'hotmail.com', '1416273904395', 611),
(18216767, 'gmail.com', '1416273905252', 587),
(18216768, 'earlhart.com', '1416273906163', 642),
(18216769, 'news.com', '1416273907033', 603),
(18216770, 'gmail.com', '1416273910984', 3644),
(18216771, 'chicosystems.com', '1416273912090', 635),
(18216772, 'digitalpath.com', '1416273912981', 628),
(18216773, 'digitalpath.com', '1416273913942', 632),
(18216774, 'digitalpath.net', '1416273914838', 615),
(18216775, 'hotmail.com', '1416273915718', 611),
(18216776, 'gmail.com', '1416273917252', 1260),
(18216777, 'earlhart.com', '1416273918162', 644),
(18216778, 'news.com', '1416273919033', 602),
(18216779, 'gmail.com', '1416273919933', 586),
(18216780, 'chicosystems.com', '1416273921067', 869),
(18216781, 'digitalpath.com', '1416273922393', 918),
(18216782, 'digitalpath.com', '1416273926208', 0),
(18216783, 'digitalpath.net', '1416273928224', 625),
(18216784, 'hotmail.com', '1416273929113', 620),
(18216785, 'gmail.com', '1416273929975', 595),
(18216786, 'earlhart.com', '1416273930883', 642),
(18216787, 'news.com', '1416273931754', 604),
(18216788, 'gmail.com', '1416273932615', 589),
(18216789, 'chicosystems.com', '1416273933381', 631),
(18216790, 'digitalpath.com', '1416273933501', 595),
(18216791, 'digitalpath.net', '1416273934383', 614),
(18216792, 'chicosystems.com', '1416273934384', 734),
(18216793, 'hotmail.com', '1416273935273', 623),
(18216794, 'earlhart.com', '1416273936164', 625),
(18216795, 'gmail.com', '1416273937051', 619),
(18216796, 'digitalpath.com', '1416273937941', 616),
(18216797, 'digitalpath.com', '1416273938824', 615),
(18216798, 'gmail.com', '1416273939692', 598),
(18216799, 'news.com', '1416273940594', 636),
(18216800, 'digitalpath.net', '1416273941501', 616),
(18216801, 'chicosystems.com', '1416273942381', 614),
(18216802, 'chicosystems.com', '1416273943384', 630),
(18216803, 'hotmail.com', '1416273945672', 607),
(18216804, 'earlhart.com', '1416273946565', 624),
(18216805, 'gmail.com', '1416273947452', 608),
(18216806, 'digitalpath.com', '1416273948341', 605),
(18216807, 'gmail.com', '1416273952209', 0),
(18216808, 'news.com', '1416273956208', 0),
(18216809, 'news.com', '1416273957113', 635),
(18216810, 'digitalpath.net', '1416273957981', 593),
(18216811, 'chicosystems.com', '1416273958861', 608),
(18216812, 'hotmail.com', '1416273959752', 621),
(18216813, 'earlhart.com', '1416273960682', 645),
(18216814, 'gmail.com', '1416273961582', 976),
(18216815, 'digitalpath.com', '1416273961583', 625),
(18216816, 'gmail.com', '1416273962553', 603),
(18216817, 'news.com', '1416273962553', 653),
(18216818, 'digitalpath.net', '1416273963547', 615),
(18216819, 'news.com', '1416273963547', 605),
(18216820, 'chicosystems.com', '1416273964505', 628),
(18216821, 'digitalpath.net', '1416273964505', 668),
(18216822, 'hotmail.com', '1416273965432', 643),
(18216823, 'earlhart.com', '1416273965432', 616),
(18216824, 'gmail.com', '1416273970708', 628),
(18216825, 'digitalpath.com', '1416273970708', 0),
(18216826, 'gmail.com', '1416273971673', 616),
(18216827, 'news.com', '1416273971673', 679),
(18216828, 'news.com', '1416273972622', 630),
(18216829, 'digitalpath.net', '1416273972622', 657),
(18216830, 'digitalpath.net', '1416273973580', 626),
(18216831, 'chicosystems.com', '1416273973580', 665),
(18216832, 'earlhart.com', '1416273974540', 624),
(18216833, 'chicosystems.com', '1416273974540', 634),
(18216834, 'digitalpath.com', '1416273975513', 610),
(18216835, 'hotmail.com', '1416273975513', 662),
(18216836, 'gmail.com', '1416273979708', 0),
(18216837, 'gmail.com', '1416273979708', 620),
(18216838, 'news.com', '1416273980633', 635),
(18216839, 'digitalpath.net', '1416273980662', 655),
(18216840, 'earlhart.com', '1416273981601', 653),
(18216841, 'chicosystems.com', '1416273982501', 610),
(18216842, 'chicosystems.com', '1416273983372', 605),
(18216843, 'digitalpath.net', '1416273984708', 0),
(18216844, 'hotmail.com', '1416273985582', 716),
(18216845, 'digitalpath.com', '1416273985582', 603),
(18216846, 'gmail.com', '1416273986530', 630),
(18216847, 'gmail.com', '1416273986530', 591),
(18216848, 'news.com', '1416273987552', 667),
(18216849, 'earlhart.com', '1416273987552', 642),
(18216850, 'digitalpath.net', '1416273988504', 638),
(18216851, 'chicosystems.com', '1416273988504', 635),
(18216852, 'digitalpath.net', '1416273989380', 598),
(18216853, 'hotmail.com', '1416273989432', 632),
(18216854, 'digitalpath.com', '1416273990261', 611),
(18216855, 'gmail.com', '1416273990290', 590),
(18216856, 'gmail.com', '1416273991174', 634),
(18216857, 'earlhart.com', '1416273991241', 677),
(18216858, 'news.com', '1416273992318', 781),
(18216859, 'chicosystems.com', '1416273993262', 661),
(18216860, 'digitalpath.net', '1416273994991', 1449),
(18216861, 'digitalpath.net', '1416273995865', 607),
(18216862, 'hotmail.com', '1416273996752', 621),
(18216863, 'digitalpath.com', '1416273998781', 611),
(18216864, 'gmail.com', '1416273999651', 601),
(18216865, 'gmail.com', '1416274000530', 608),
(18216866, 'earlhart.com', '1416274001482', 651),
(18216867, 'news.com', '1416274002393', 645),
(18216868, 'chicosystems.com', '1416274003251', 590),
(18216869, 'digitalpath.net', '1416274004152', 621),
(18216870, 'digitalpath.net', '1416274005020', 592),
(18216871, 'hotmail.com', '1416274005912', 623),
(18216872, 'digitalpath.com', '1416274006781', 603),
(18216873, 'gmail.com', '1416274007652', 593),
(18216874, 'gmail.com', '1416274008531', 600),
(18216875, 'earlhart.com', '1416274009440', 641),
(18216876, 'news.com', '1416274010336', 603),
(18216877, 'chicosystems.com', '1416274011221', 605),
(18216878, 'digitalpath.net', '1416274012100', 602),
(18216879, 'digitalpath.net', '1416274012980', 593),
(18216880, 'hotmail.com', '1416274013872', 611),
(18216881, 'digitalpath.com', '1416274014780', 629),
(18216882, 'gmail.com', '1416274015675', 592),
(18216883, 'gmail.com', '1416274017690', 583),
(18216884, 'earlhart.com', '1416274018600', 633),
(18216885, 'news.com', '1416274019550', 628),
(18216886, 'chicosystems.com', '1416274020461', 627),
(18216887, 'digitalpath.net', '1416274024708', 0),
(18216888, 'hotmail.com', '1416274025590', 603),
(18216889, 'hotmail.com', '1416274026510', 632),
(18216890, 'digitalpath.com', '1416274027379', 604),
(18216891, 'gmail.com', '1416274028362', 709),
(18216892, 'gmail.com', '1416274029250', 597),
(18216893, 'earlhart.com', '1416274030159', 632),
(18216894, 'news.com', '1416274031070', 619),
(18216895, 'chicosystems.com', '1416274032019', 625),
(18216896, 'digitalpath.net', '1416274032901', 614),
(18216897, 'hotmail.com', '1416274033791', 621),
(18216898, 'hotmail.com', '1416274034670', 613),
(18216899, 'digitalpath.com', '1416274035539', 600),
(18216900, 'digitalpath.com', '1416274038129', 2289),
(18216901, 'gmail.com', '1416274039009', 611),
(18216902, 'gmail.com', '1416274039890', 591),
(18216903, 'earlhart.com', '1416274042050', 617),
(18216904, 'news.com', '1416274042950', 627),
(18216905, 'chicosystems.com', '1416274043833', 602),
(18216906, 'digitalpath.net', '1416274045000', 899),
(18216907, 'hotmail.com', '1416274045950', 605),
(18216908, 'hotmail.com', '1416274046862', 615),
(18216909, 'digitalpath.com', '1416274047852', 593),
(18216910, 'gmail.com', '1416274048728', 611),
(18216911, 'gmail.com', '1416274049609', 611),
(18216912, 'earlhart.com', '1416274050518', 628),
(18216913, 'news.com', '1416274051473', 613),
(18216914, 'chicosystems.com', '1416274052339', 602),
(18216915, 'digitalpath.net', '1416274053224', 604),
(18216916, 'hotmail.com', '1416274054150', 603),
(18216917, 'hotmail.com', '1416274055029', 612),
(18216918, 'digitalpath.com', '1416274055899', 598),
(18216919, 'digitalpath.com', '1416274057150', 907),
(18216920, 'gmail.com', '1416274058224', 602),
(18216921, 'gmail.com', '1416274059089', 596),
(18216922, 'earlhart.com', '1416274060041', 635);

-- --------------------------------------------------------

--
-- Table structure for table `notes`
--

CREATE TABLE IF NOT EXISTS `notes` (
`id` int(11) NOT NULL,
  `deviceID` int(11) NOT NULL,
  `userID` int(11) NOT NULL,
  `timestamp` text NOT NULL,
  `content` text NOT NULL
) ENGINE=InnoDB  DEFAULT CHARSET=latin1 AUTO_INCREMENT=25 ;

--
-- Dumping data for table `notes`
--

INSERT INTO `notes` (`id`, `deviceID`, `userID`, `timestamp`, `content`) VALUES
(1, 12, 1, '1407615812000', 'Customer has been experiencing intermittent problems with connecting. I''d like us to monitor this for the day.'),
(2, 12, 1, '1407616812000', 'This is continuing to have problems as of today.'),
(3, 12, 1, '1407617812000', 'Customer went off line again at midnight. It looks like it could be maintenance work with their ISP.'),
(4, 12, 2, '1407618812000', 'Logged in to test this just now. It''s looking good as of this time.'),
(6, 12, 1, '1407619912000', 'I called their ISP. Looks like they are on a wireless connection. Had their ISP do some rechanneling, latency went WAY WAY down.'),
(7, 12, 2, '1407620912000', 'Nope, they called up again this morning, they are still having problems.'),
(8, 12, 1, '1407622912000', 'I called back the customer.\r\nHad them turn their computer off and then back on again.\r\nEverything is working fine now. Why didn''t we think of this before.'),
(9, 12, 2, '1407624912000', 'That''s genius. Let''s monitor this for a little while longer. If it''s good by tomorrow we can stop worring about it.'),
(10, 12, 1, '1407634912000', 'Removing...'),
(12, 7, 1, '1409374477842', 'first'),
(13, 12, 1, '1409374558399', 'asdf'),
(14, 12, 1, '1409443785653', 'sdfhyiikihk'),
(15, 12, 1, '1409706238282', 'monitoring'),
(16, 5, 1, '1409706511533', 'Start monitoring this now.'),
(17, 12, 1, '1410211123271', 'notes'),
(18, 6, 1, '1416160800360', 'test'),
(19, 6, 1, '1416160911610', 'hi'),
(20, 6, 1, '1416160957082', 'test2'),
(21, 9, 1, '1416165066173', ''),
(22, 9, 1, '1416165066173', 'test'),
(23, 12, 1, '1416172578442', 'still watching this baby'),
(24, 5, 1, '1416251550985', 'it''s looking, really, pretty good.');

-- --------------------------------------------------------

--
-- Table structure for table `subscriptions`
--

CREATE TABLE IF NOT EXISTS `subscriptions` (
`id` int(11) NOT NULL,
  `user_id` int(11) NOT NULL,
  `record_id` int(11) NOT NULL,
  `notify_if_over_latency` int(11) NOT NULL,
  `notify_after_time_seconds` int(11) NOT NULL
) ENGINE=MyISAM  DEFAULT CHARSET=latin1 AUTO_INCREMENT=2 ;

--
-- Dumping data for table `subscriptions`
--

INSERT INTO `subscriptions` (`id`, `user_id`, `record_id`, `notify_if_over_latency`, `notify_after_time_seconds`) VALUES
(1, 1, 1, 250, 60);

-- --------------------------------------------------------

--
-- Table structure for table `timers`
--

CREATE TABLE IF NOT EXISTS `timers` (
`id` int(11) NOT NULL,
  `name` text NOT NULL,
  `value` text NOT NULL
) ENGINE=InnoDB  DEFAULT CHARSET=latin1 AUTO_INCREMENT=10 ;

--
-- Dumping data for table `timers`
--

INSERT INTO `timers` (`id`, `name`, `value`) VALUES
(3, 'fiveMinuteTimer', '1416274216198'),
(4, 'fifteenMinuteTimer', '1416274211017'),
(5, 'hourTimer', '1416277426440'),
(6, 'twelveHourTimer', '1416288449775'),
(7, 'dayTimer', '1416288407278'),
(8, 'fourtyEightHourTimer', '1416288375326'),
(9, 'weekTimer', '1416806761574');

-- --------------------------------------------------------

--
-- Table structure for table `users`
--

CREATE TABLE IF NOT EXISTS `users` (
`id` int(11) NOT NULL,
  `usr` varchar(32) CHARACTER SET utf8 COLLATE utf8_unicode_ci NOT NULL,
  `email` text NOT NULL,
  `subscriptions` text NOT NULL,
  `admin_level` int(1) NOT NULL,
  `pass` varchar(32) CHARACTER SET utf8 COLLATE utf8_unicode_ci NOT NULL,
  `regIP` varchar(15) CHARACTER SET utf8 COLLATE utf8_unicode_ci NOT NULL,
  `dt` datetime NOT NULL
) ENGINE=MyISAM  DEFAULT CHARSET=latin1 AUTO_INCREMENT=3 ;

--
-- Dumping data for table `users`
--

INSERT INTO `users` (`id`, `usr`, `email`, `subscriptions`, `admin_level`, `pass`, `regIP`, `dt`) VALUES
(1, 'itravers', 'isaac.a.travers@gmail.com', '', 10, '8b047144fb28065ed57512f8ab89eca5', '', '0000-00-00 00:00:00'),
(2, 'test', 'test@test.com', '', 0, '098f6bcd4621d373cade4e832627b4f6', '', '0000-00-00 00:00:00');

-- --------------------------------------------------------

--
-- Table structure for table `week`
--

CREATE TABLE IF NOT EXISTS `week` (
`id` int(11) NOT NULL,
  `ip` text NOT NULL,
  `time` text NOT NULL,
  `latency` text NOT NULL
) ENGINE=InnoDB  DEFAULT CHARSET=latin1 AUTO_INCREMENT=1358 ;

--
-- Dumping data for table `week`
--

INSERT INTO `week` (`id`, `ip`, `time`, `latency`) VALUES
(1039, 'digitalpath.com', '1413738375729', '65'),
(1040, 'two.com', '1413738376406', '-1'),
(1041, 'digg.com', '1413738376311', '-1'),
(1042, 'news.com', '1413738375664', '1'),
(1043, 'one.com', '1413738375776', '111'),
(1044, 'plesk.com', '1413738375802', '41'),
(1045, 'gmail.com', '1413738375589', '39'),
(1046, 'hotmail.com', '1413738375598', '50'),
(1047, 'earlhart.com', '1413738375586', '35'),
(1048, 'digitalpath.net', '1413738375708', '68'),
(1049, 'chicosystems.com', '1413738375433', '0'),
(1050, 'two.com', '1413824813498', '-1'),
(1051, 'digitalpath.com', '1413824813079', '77'),
(1052, 'digg.com', '1413824813944', '-1'),
(1053, 'news.com', '1413824812541', '7'),
(1054, 'one.com', '1413824813534', '113'),
(1055, 'plesk.com', '1413824813067', '65'),
(1056, 'gmail.com', '1413824813306', '40'),
(1057, 'hotmail.com', '1413824813004', '53'),
(1058, 'earlhart.com', '1413824813191', '41'),
(1059, 'digitalpath.net', '1413824812511', '78'),
(1060, 'chicosystems.com', '1413824812892', '0'),
(1061, 'digitalpath.com', '1413911248874', '116'),
(1062, 'two.com', '1413911249714', '-1'),
(1063, 'digg.com', '1413911249405', '-1'),
(1064, 'news.com', '1413911249334', '40'),
(1065, 'one.com', '1413911248882', '131'),
(1066, 'plesk.com', '1413911248869', '94'),
(1067, 'gmail.com', '1413911249588', '52'),
(1068, 'hotmail.com', '1413911249240', '69'),
(1069, 'earlhart.com', '1413911249685', '74'),
(1070, 'digitalpath.net', '1413911249332', '100'),
(1071, 'chicosystems.com', '1413911249365', '0'),
(1072, 'digitalpath.com', '1413997684524', '81'),
(1073, 'two.com', '1413997686009', '-1'),
(1074, 'digg.com', '1413997685090', '-1'),
(1075, 'news.com', '1413997684885', '15'),
(1076, 'one.com', '1413997685280', '123'),
(1077, 'plesk.com', '1413997684766', '57'),
(1078, 'gmail.com', '1413997684456', '28'),
(1079, 'hotmail.com', '1413997685109', '47'),
(1080, 'earlhart.com', '1413997684875', '56'),
(1081, 'digitalpath.net', '1413997684571', '82'),
(1082, 'chicosystems.com', '1413997684759', '0'),
(1083, 'two.com', '1414084126430', '-1'),
(1084, 'digitalpath.com', '1414084126085', '90'),
(1085, 'digg.com', '1414084127253', '-1'),
(1086, 'news.com', '1414084126260', '45'),
(1087, 'one.com', '1414084125997', '132'),
(1088, 'plesk.com', '1414084126110', '66'),
(1089, 'gmail.com', '1414084126003', '71'),
(1090, 'hotmail.com', '1414084126175', '69'),
(1091, 'earlhart.com', '1414084126143', '95'),
(1092, 'digitalpath.net', '1414084125858', '91'),
(1093, 'chicosystems.com', '1414084126058', '0'),
(1094, 'two.com', '1414170508259', '-1'),
(1095, 'digitalpath.com', '1414170520834', '89'),
(1096, 'digg.com', '1414170514496', '-1'),
(1097, 'news.com', '1414170520866', '19'),
(1098, 'one.com', '1414170520889', '123'),
(1099, 'plesk.com', '1414170507753', '66'),
(1100, 'gmail.com', '1414170513833', '102'),
(1101, 'hotmail.com', '1414170520596', '87'),
(1102, 'earlhart.com', '1414170513682', '60'),
(1103, 'digitalpath.net', '1414170508003', '87'),
(1104, 'chicosystems.com', '1414170533921', '0'),
(1105, 'two.com', '1414256853879', '-1'),
(1106, 'digitalpath.com', '1414256853261', '64'),
(1107, 'digg.com', '1414256853598', '-1'),
(1108, 'news.com', '1414256853298', '2'),
(1109, 'one.com', '1414256866555', '111'),
(1110, 'plesk.com', '1414256859340', '93'),
(1111, 'gmail.com', '1414256853116', '71'),
(1112, 'hotmail.com', '1414256859455', '63'),
(1113, 'earlhart.com', '1414256860319', '34'),
(1114, 'digitalpath.net', '1414256853709', '65'),
(1115, 'chicosystems.com', '1414256859563', '0'),
(1116, 'two.com', '1414343292758', '-1'),
(1117, 'digitalpath.com', '1414343291973', '74'),
(1118, 'digg.com', '1414343293052', '-1'),
(1119, 'news.com', '1414343291928', '5'),
(1120, 'one.com', '1414343291379', '114'),
(1121, 'plesk.com', '1414343291854', '90'),
(1122, 'gmail.com', '1414343292067', '82'),
(1123, 'hotmail.com', '1414343292092', '71'),
(1124, 'earlhart.com', '1414343291870', '34'),
(1125, 'digitalpath.net', '1414343291706', '81'),
(1126, 'chicosystems.com', '1414343292094', '0'),
(1127, 'two.com', '1414429729487', '-1'),
(1128, 'digitalpath.com', '1414429729262', '79'),
(1129, 'digg.com', '1414429729994', '-1'),
(1130, 'news.com', '1414429729354', '11'),
(1131, 'one.com', '1414429729495', '115'),
(1132, 'plesk.com', '1414429729610', '100'),
(1133, 'gmail.com', '1414429729009', '70'),
(1134, 'hotmail.com', '1414429729518', '75'),
(1135, 'earlhart.com', '1414429729445', '52'),
(1136, 'digitalpath.net', '1414429729171', '79'),
(1137, 'chicosystems.com', '1414429729335', '0'),
(1138, 'two.com', '1414516167550', '-1'),
(1139, 'digitalpath.com', '1414516166852', '71'),
(1140, 'digg.com', '1414516167442', '-1'),
(1141, 'news.com', '1414516166632', '8'),
(1142, 'one.com', '1414516167681', '114'),
(1143, 'plesk.com', '1414516167196', '76'),
(1144, 'gmail.com', '1414516166897', '57'),
(1145, 'hotmail.com', '1414516166865', '66'),
(1146, 'earlhart.com', '1414516166682', '43'),
(1147, 'digitalpath.net', '1414516166991', '69'),
(1148, 'chicosystems.com', '1414516167228', '0'),
(1149, 'two.com', '1414602604352', '-1'),
(1150, 'digitalpath.com', '1414602604546', '61'),
(1151, 'digg.com', '1414602604760', '-1'),
(1152, 'news.com', '1414602604301', '2'),
(1153, 'one.com', '1414602603771', '106'),
(1154, 'plesk.com', '1414602603911', '45'),
(1155, 'gmail.com', '1414602603895', '40'),
(1156, 'hotmail.com', '1414602604323', '44'),
(1157, 'earlhart.com', '1414602604353', '36'),
(1158, 'digitalpath.net', '1414602603685', '62'),
(1159, 'chicosystems.com', '1414602604240', '0'),
(1160, 'two.com', '1414688989652', '-1'),
(1161, 'digitalpath.com', '1414688989180', '65'),
(1162, 'digg.com', '1414688989119', '-1'),
(1163, 'news.com', '1414688989241', '1'),
(1164, 'one.com', '1414688989788', '110'),
(1165, 'plesk.com', '1414688988813', '41'),
(1166, 'gmail.com', '1414688989140', '33'),
(1167, 'hotmail.com', '1414688989021', '34'),
(1168, 'earlhart.com', '1414688989273', '35'),
(1169, 'digitalpath.net', '1414688989432', '69'),
(1170, 'chicosystems.com', '1414688989516', '0'),
(1171, 'two.com', '1414775328052', '-1'),
(1172, 'digitalpath.com', '1414775327494', '87'),
(1173, 'digg.com', '1414775327968', '-1'),
(1174, 'news.com', '1414775327839', '2'),
(1175, 'one.com', '1414775326797', '113'),
(1176, 'plesk.com', '1414775327123', '62'),
(1177, 'gmail.com', '1414775327388', '37'),
(1178, 'hotmail.com', '1414775327502', '39'),
(1179, 'earlhart.com', '1414775328129', '34'),
(1180, 'digitalpath.net', '1414775327465', '80'),
(1181, 'chicosystems.com', '1414775327554', '0'),
(1182, 'digitalpath.com', '1414861764301', '64'),
(1183, 'two.com', '1414861764139', '-1'),
(1184, 'digg.com', '1414861764788', '-1'),
(1185, 'news.com', '1414861764048', '1'),
(1186, 'one.com', '1414861764172', '110'),
(1187, 'plesk.com', '1414861764342', '40'),
(1188, 'gmail.com', '1414861764059', '33'),
(1189, 'hotmail.com', '1414861763874', '32'),
(1190, 'earlhart.com', '1414861763921', '34'),
(1191, 'digitalpath.net', '1414861763866', '65'),
(1192, 'chicosystems.com', '1414861764101', '0'),
(1193, 'two.com', '1414948201231', '-1'),
(1194, 'digitalpath.com', '1414948200905', '64'),
(1195, 'digg.com', '1414948201783', '-1'),
(1196, 'news.com', '1414948200804', '1'),
(1197, 'one.com', '1414948200806', '110'),
(1198, 'plesk.com', '1414948200317', '40'),
(1199, 'gmail.com', '1414948200469', '33'),
(1200, 'hotmail.com', '1414948201093', '32'),
(1201, 'earlhart.com', '1414948201472', '34'),
(1202, 'digitalpath.net', '1414948200764', '65'),
(1203, 'chicosystems.com', '1414948200681', '0'),
(1204, 'two.com', '1415034637966', '-1'),
(1205, 'digitalpath.com', '1415034637386', '64'),
(1206, 'digg.com', '1415034637177', '-1'),
(1207, 'news.com', '1415034637579', '1'),
(1208, 'one.com', '1415034637751', '111'),
(1209, 'plesk.com', '1415034637398', '39'),
(1210, 'gmail.com', '1415034637541', '33'),
(1211, 'hotmail.com', '1415034637556', '32'),
(1212, 'earlhart.com', '1415034637554', '35'),
(1213, 'digitalpath.net', '1415034637302', '65'),
(1214, 'chicosystems.com', '1415034637750', '0'),
(1215, 'two.com', '1415121074616', '-1'),
(1216, 'digitalpath.com', '1415121074475', '64'),
(1217, 'digg.com', '1415121074901', '-1'),
(1218, 'news.com', '1415121074713', '1'),
(1219, 'one.com', '1415121074686', '108'),
(1220, 'plesk.com', '1415121074502', '40'),
(1221, 'gmail.com', '1415121074632', '21'),
(1222, 'hotmail.com', '1415121074561', '33'),
(1223, 'earlhart.com', '1415121074335', '35'),
(1224, 'digitalpath.net', '1415121074569', '66'),
(1225, 'chicosystems.com', '1415121074598', '0'),
(1226, 'two.com', '1415207500970', '-1'),
(1227, 'digitalpath.com', '1415207512802', '66'),
(1228, 'digg.com', '1415207501010', '-1'),
(1229, 'news.com', '1415207500012', '3'),
(1230, 'one.com', '1415207493326', '108'),
(1231, 'plesk.com', '1415207493432', '43'),
(1232, 'gmail.com', '1415207506442', '51'),
(1233, 'hotmail.com', '1415207480141', '57'),
(1234, 'earlhart.com', '1415207500227', '36'),
(1235, 'digitalpath.net', '1415207499890', '67'),
(1236, 'chicosystems.com', '1415207506392', '0'),
(1237, 'digitalpath.com', '1415293806253', '64'),
(1238, 'two.com', '1415293806803', '-1'),
(1239, 'digg.com', '1415293819807', '-1'),
(1240, 'news.com', '1415293806406', '1'),
(1241, 'one.com', '1415293799856', '108'),
(1242, 'plesk.com', '1415293806414', '40'),
(1243, 'gmail.com', '1415293806267', '60'),
(1244, 'hotmail.com', '1415293806050', '62'),
(1245, 'earlhart.com', '1415293806095', '36'),
(1246, 'digitalpath.net', '1415293806346', '66'),
(1247, 'chicosystems.com', '1415293799829', '0'),
(1248, 'two.com', '1415380237896', '-1'),
(1249, 'digitalpath.com', '1415380237422', '64'),
(1250, 'digg.com', '1415380237422', '-1'),
(1251, 'news.com', '1415380237520', '1'),
(1252, 'one.com', '1415380237706', '108'),
(1253, 'plesk.com', '1415380237605', '40'),
(1254, 'gmail.com', '1415380237015', '59'),
(1255, 'hotmail.com', '1415380237423', '61'),
(1256, 'earlhart.com', '1415380237352', '36'),
(1257, 'digitalpath.net', '1415380237207', '66'),
(1258, 'chicosystems.com', '1415380237627', '0'),
(1259, 'two.com', '1415466675305', '-1'),
(1260, 'digitalpath.com', '1415466674547', '64'),
(1261, 'digg.com', '1415466674778', '-1'),
(1262, 'news.com', '1415466674869', '2'),
(1263, 'one.com', '1415466674365', '109'),
(1264, 'plesk.com', '1415466674463', '39'),
(1265, 'gmail.com', '1415466674610', '19'),
(1266, 'hotmail.com', '1415466674918', '36'),
(1267, 'earlhart.com', '1415466674381', '37'),
(1268, 'digitalpath.net', '1415466674943', '65'),
(1269, 'chicosystems.com', '1415466674355', '0'),
(1270, 'two.com', '1415553112008', '-1'),
(1271, 'digitalpath.com', '1415553111613', '64'),
(1272, 'digg.com', '1415553111853', '-1'),
(1273, 'news.com', '1415553111431', '1'),
(1274, 'one.com', '1415553111275', '110'),
(1275, 'plesk.com', '1415553111300', '39'),
(1276, 'gmail.com', '1415553111309', '11'),
(1277, 'hotmail.com', '1415553111506', '32'),
(1278, 'earlhart.com', '1415553111863', '34'),
(1279, 'digitalpath.net', '1415553111299', '65'),
(1280, 'chicosystems.com', '1415553111452', '0'),
(1281, 'two.com', '1415639547867', '-1'),
(1282, 'digitalpath.com', '1415639546887', '66'),
(1283, 'digg.com', '1415639547830', '-1'),
(1284, 'news.com', '1415639547331', '2'),
(1285, 'one.com', '1415639546968', '164'),
(1286, 'plesk.com', '1415639547158', '42'),
(1287, 'gmail.com', '1415639546787', '13'),
(1288, 'hotmail.com', '1415639547206', '34'),
(1289, 'earlhart.com', '1415639547181', '38'),
(1290, 'digitalpath.net', '1415639547263', '66'),
(1291, 'chicosystems.com', '1415639547059', '0'),
(1292, 'two.com', '1415725984316', '-1'),
(1293, 'digitalpath.com', '1415725983729', '65'),
(1294, 'digg.com', '1415725984411', '-1'),
(1295, 'news.com', '1415725984066', '2'),
(1296, 'one.com', '1415725983444', '186'),
(1297, 'plesk.com', '1415725984028', '42'),
(1298, 'gmail.com', '1415725983695', '20'),
(1299, 'hotmail.com', '1415725983934', '33'),
(1300, 'earlhart.com', '1415725983214', '36'),
(1301, 'digitalpath.net', '1415725983671', '66'),
(1302, 'chicosystems.com', '1415725983936', '0'),
(1303, 'two.com', '1415812270383', '-1'),
(1304, 'digitalpath.com', '1415812269969', '64'),
(1305, 'digg.com', '1415812270385', '-1'),
(1306, 'news.com', '1415812269723', '6'),
(1307, 'one.com', '1415812270225', '186'),
(1308, 'plesk.com', '1415812270371', '40'),
(1309, 'gmail.com', '1415812270283', '37'),
(1310, 'hotmail.com', '1415812270128', '34'),
(1311, 'earlhart.com', '1415812269828', '40'),
(1312, 'digitalpath.net', '1415812270153', '66'),
(1313, 'chicosystems.com', '1415812270173', '0'),
(1314, 'two.com', '1415898708872', '-1'),
(1315, 'digitalpath.com', '1415898708452', '72'),
(1316, 'digg.com', '1415898709063', '-1'),
(1317, 'news.com', '1415898708689', '11'),
(1318, 'one.com', '1415898707530', '192'),
(1319, 'plesk.com', '1415898708315', '48'),
(1320, 'gmail.com', '1415898708507', '48'),
(1321, 'hotmail.com', '1415898708426', '55'),
(1322, 'earlhart.com', '1415898708764', '41'),
(1323, 'digitalpath.net', '1415898708422', '73'),
(1324, 'chicosystems.com', '1415898708344', '0'),
(1325, 'two.com', '1415985146473', '-1'),
(1326, 'digitalpath.com', '1415985145659', '64'),
(1327, 'digg.com', '1415985145995', '-1'),
(1328, 'news.com', '1415985145800', '1'),
(1329, 'one.com', '1415985145415', '185'),
(1330, 'plesk.com', '1415985145785', '40'),
(1331, 'gmail.com', '1415985145701', '51'),
(1332, 'hotmail.com', '1415985145699', '61'),
(1333, 'earlhart.com', '1415985145419', '34'),
(1334, 'digitalpath.net', '1415985144959', '65'),
(1335, 'chicosystems.com', '1415985145560', '0'),
(1336, 'two.com', '1416071584233', '-1'),
(1337, 'digitalpath.com', '1416071584181', '78'),
(1338, 'digg.com', '1416071584550', '-1'),
(1339, 'news.com', '1416071583769', '6'),
(1340, 'one.com', '1416071583634', '190'),
(1341, 'plesk.com', '1416071583642', '56'),
(1342, 'gmail.com', '1416071583820', '65'),
(1343, 'hotmail.com', '1416071583843', '72'),
(1344, 'earlhart.com', '1416071584054', '41'),
(1345, 'digitalpath.net', '1416071583751', '77'),
(1346, 'chicosystems.com', '1416071583582', '0'),
(1347, 'two.com', '1416159195782', '556'),
(1348, 'digitalpath.com', '1416159185019', '361'),
(1349, 'digg.com', '1416159184594', '542'),
(1350, 'news.com', '1416159195016', '331'),
(1351, 'one.com', '1416159194251', '477'),
(1352, 'plesk.com', '1416159184972', '341'),
(1353, 'gmail.com', '1416159201335', '376'),
(1354, 'hotmail.com', '1416159194919', '357'),
(1355, 'earlhart.com', '1416159194683', '358'),
(1356, 'digitalpath.net', '1416159184473', '375'),
(1357, 'chicosystems.com', '1416159187900', '328');

-- --------------------------------------------------------

--
-- Table structure for table `year`
--

CREATE TABLE IF NOT EXISTS `year` (
`id` int(11) NOT NULL,
  `ip` text NOT NULL,
  `time` text NOT NULL,
  `latency` text NOT NULL
) ENGINE=InnoDB  DEFAULT CHARSET=latin1 AUTO_INCREMENT=233 ;

--
-- Dumping data for table `year`
--

INSERT INTO `year` (`id`, `ip`, `time`, `latency`) VALUES
(1, 'digitalpath.com', '1406417036175', '641'),
(2, 'news.com', '1406417037999', '644'),
(3, 'hbo.com', '1406417035147', '-1'),
(4, 'fightnight.com', '1406417038667', '-1'),
(5, 'news.net', '1406417039821', '-1'),
(6, 'myspace.com', '1406417034978', '629'),
(7, 'hello.org', '1406417039670', '-1'),
(8, 'gmail.com', '1406417037402', '635'),
(9, 'xnxx.com', '1406417035256', '-1'),
(10, 'hello.com', '1406417040902', '-1'),
(11, 'xhamster.com', '1406417034031', '731'),
(12, 'facebook.com', '1406417037169', '671'),
(13, 'microsoft.com', '1406417046164', '-1'),
(14, 'hello.net', '1406417041824', '-1'),
(15, 'reddit.com', '1406417036153', '644'),
(16, 'google.com', '1406417038137', '641'),
(17, 'new.com', '1406417036866', '643'),
(18, 'w3schools.com', '1406417029249', '-1'),
(19, 'hotmail.com', '1406417037392', '654'),
(20, 'youtube.com', '1406417038539', '633'),
(21, 'new.net', '1406417037151', '-1'),
(22, 'digitalpath.com', '1406684655800', '327'),
(23, 'digg.com', '1406685749251', '-1'),
(24, 'news.com', '1406683492877', '293'),
(25, 'three.com', '1406686835458', '456'),
(26, 'myspace.com', '1406683486579', '285'),
(27, 'news.net', '1406423892758', '-1'),
(28, 'plesk.com', '1406686126902', '336'),
(29, 'tiltservers.com', '1406686126496', '279'),
(30, 'digitalpath.net', '1406684711868', '338'),
(31, 'facebook.com', '1406683483074', '345'),
(32, 'reddit.com', '1406684044470', '315'),
(33, 'one.com', '1406686126170', '460'),
(34, 'youtube.com', '1406423890480', '640'),
(35, 'new.net', '1406423890477', '-1'),
(36, 'seven.com', '1406686126991', '288'),
(37, 'chicosystems.com', '1406685749551', '280'),
(38, 'five.com', '1406686127001', '-1'),
(39, 'fightnight.com', '1406423889989', '-1'),
(40, 'hbo.com', '1406423889798', '-1'),
(41, 'hello.org', '1406423889350', '-1'),
(42, 'gmail.com', '1406684032041', '288'),
(43, 'xnxx.com', '1406423888869', '-1'),
(44, 'hello.com', '1406423888531', '-1'),
(45, 'xhamster.com', '1406423890284', '757'),
(46, 'four.com', '1406686126876', '350'),
(47, 'two.com', '1406686126535', '-1'),
(48, 'microsoft.com', '1406423890184', '-1'),
(49, 'hello.net', '1406423889039', '-1'),
(50, 'tiltservers.net', '1406686126971', '0'),
(51, 'new.com', '1406423890335', '643'),
(52, 'google.com', '1406683864597', '285'),
(53, 'six.com', '1406686126381', '289'),
(54, 'w3schools.com', '1406423888527', '-1'),
(55, 'hotmail.com', '1406684032226', '332'),
(56, 'earlhart.com', '1406685297945', '0'),
(57, 'digitalpath.com', '1407293190229', '83'),
(58, 'digg.com', '1407249962437', '-1'),
(59, 'news.com', '1407249962269', '19'),
(60, 'five.com', '1407293188159', '-1'),
(61, 'three.com', '1407249961521', '183'),
(62, 'plesk.com', '1407249963617', '78'),
(63, 'myspace.com', '1407249960969', '15'),
(64, 'gmail.com', '1407249963520', '23'),
(65, 'tiltservers.com', '1407293189333', '0'),
(66, 'digitalpath.net', '1407293190309', '86'),
(67, 'four.com', '1407293188075', '89'),
(68, 'two.com', '1407249961281', '-1'),
(69, 'facebook.com', '1407249960798', '69'),
(70, 'tiltservers.net', '1407293188134', '0'),
(71, 'reddit.com', '1407249963613', '35'),
(72, 'one.com', '1407249965784', '185'),
(73, 'google.com', '1407249964644', '23'),
(74, 'six.com', '1407293191435', '21'),
(75, 'hotmail.com', '1407249964813', '64'),
(76, 'earlhart.com', '1407249961001', '0'),
(77, 'chicosystems.com', '1407249961112', '0'),
(78, 'seven.com', '1407293190138', '18'),
(79, 'two.com', '1407898056442', '-1'),
(80, 'digitalpath.com', '1407898055769', '77'),
(81, 'digg.com', '1407898056440', '-1'),
(82, 'news.com', '1407898055428', '18'),
(83, 'one.com', '1407898055448', '184'),
(84, 'plesk.com', '1407898055736', '73'),
(85, 'gmail.com', '1407898055626', '25'),
(86, 'hotmail.com', '1407898055711', '63'),
(87, 'earlhart.com', '1407898055733', '31'),
(88, 'digitalpath.net', '1407898055352', '81'),
(89, 'chicosystems.com', '1407898055709', '0'),
(90, 'digitalpath.com', '1408596901462', '64'),
(91, 'two.com', '1408596900794', '-1'),
(92, 'digg.com', '1408596901142', '-1'),
(93, 'news.com', '1408596900564', '18'),
(94, 'one.com', '1408596901402', '184'),
(95, 'plesk.com', '1408596900267', '67'),
(96, 'gmail.com', '1408596901603', '62'),
(97, 'hotmail.com', '1408596901401', '64'),
(98, 'earlhart.com', '1408596900232', '34'),
(99, 'digitalpath.net', '1408596900540', '69'),
(100, 'chicosystems.com', '1408596901563', '0'),
(101, 'two.com', '1409201784034', '-1'),
(102, 'digitalpath.com', '1409201783464', '64'),
(103, 'digg.com', '1409201783925', '-1'),
(104, 'news.com', '1409201783343', '11'),
(105, 'one.com', '1409201783187', '184'),
(106, 'plesk.com', '1409201783417', '56'),
(107, 'gmail.com', '1409201783205', '59'),
(108, 'hotmail.com', '1409201783125', '62'),
(109, 'earlhart.com', '1409201783465', '34'),
(110, 'digitalpath.net', '1409201783034', '67'),
(111, 'chicosystems.com', '1409201783018', '0'),
(112, 'digitalpath.com', '1409806669257', '64'),
(113, 'two.com', '1409806670898', '-1'),
(114, 'digg.com', '1409806669693', '-1'),
(115, 'news.com', '1409806669264', '1'),
(116, 'one.com', '1409806667018', '183'),
(117, 'plesk.com', '1409806668225', '57'),
(118, 'gmail.com', '1409806671269', '60'),
(119, 'hotmail.com', '1409806668106', '63'),
(120, 'earlhart.com', '1409806667995', '35'),
(121, 'digitalpath.net', '1409806669258', '68'),
(122, 'chicosystems.com', '1409806668088', '0'),
(123, 'two.com', '1410411546715', '-1'),
(124, 'digitalpath.com', '1410411546014', '63'),
(125, 'digg.com', '1410411546660', '-1'),
(126, 'news.com', '1410411546234', '1'),
(127, 'one.com', '1410411545896', '185'),
(128, 'plesk.com', '1410411545966', '58'),
(129, 'gmail.com', '1410411545997', '60'),
(130, 'hotmail.com', '1410411545950', '62'),
(131, 'earlhart.com', '1410411545980', '35'),
(132, 'digitalpath.net', '1410411546106', '66'),
(133, 'chicosystems.com', '1410411546119', '0'),
(134, 'digitalpath.com', '1411016428981', '64'),
(135, 'two.com', '1411016434912', '-1'),
(136, 'digg.com', '1411016432762', '-1'),
(137, 'news.com', '1411016431161', '1'),
(138, 'one.com', '1411016431024', '175'),
(139, 'plesk.com', '1411016432418', '60'),
(140, 'gmail.com', '1411016433435', '67'),
(141, 'hotmail.com', '1411016431201', '62'),
(142, 'earlhart.com', '1411016432242', '35'),
(143, 'digitalpath.net', '1411016431201', '66'),
(144, 'chicosystems.com', '1411016432317', '0'),
(145, 'two.com', '1411621320349', '-1'),
(146, 'digitalpath.com', '1411621319500', '64'),
(147, 'digg.com', '1411621320209', '-1'),
(148, 'news.com', '1411621319614', '1'),
(149, 'one.com', '1411621319346', '172'),
(150, 'plesk.com', '1411621319454', '50'),
(151, 'gmail.com', '1411621319501', '59'),
(152, 'hotmail.com', '1411621319490', '63'),
(153, 'earlhart.com', '1411621319634', '34'),
(154, 'digitalpath.net', '1411621319594', '66'),
(155, 'chicosystems.com', '1411621319598', '0'),
(156, 'digitalpath.com', '1412226211707', '66'),
(157, 'two.com', '1412226211526', '-1'),
(158, 'digg.com', '1412226209250', '-1'),
(159, 'news.com', '1412226212023', '2'),
(160, 'one.com', '1412226211477', '173'),
(161, 'plesk.com', '1412226208680', '42'),
(162, 'gmail.com', '1412226211838', '39'),
(163, 'hotmail.com', '1412226209769', '42'),
(164, 'earlhart.com', '1412226212124', '35'),
(165, 'digitalpath.net', '1412226211832', '68'),
(166, 'chicosystems.com', '1412226212968', '0'),
(167, 'two.com', '1412831096716', '-1'),
(168, 'digitalpath.com', '1412831096280', '66'),
(169, 'digg.com', '1412831096512', '-1'),
(170, 'news.com', '1412831096324', '3'),
(171, 'one.com', '1412831096068', '176'),
(172, 'plesk.com', '1412831096342', '42'),
(173, 'gmail.com', '1412831096281', '15'),
(174, 'hotmail.com', '1412831096235', '34'),
(175, 'earlhart.com', '1412831096573', '36'),
(176, 'digitalpath.net', '1412831096172', '67'),
(177, 'chicosystems.com', '1412831096245', '0'),
(178, 'two.com', '1413435989853', '-1'),
(179, 'digitalpath.com', '1413435988070', '68'),
(180, 'digg.com', '1413435988704', '-1'),
(181, 'news.com', '1413435988211', '9'),
(182, 'one.com', '1413435988324', '128'),
(183, 'plesk.com', '1413435988090', '44'),
(184, 'gmail.com', '1413435988105', '16'),
(185, 'hotmail.com', '1413435988296', '36'),
(186, 'earlhart.com', '1413435988182', '39'),
(187, 'digitalpath.net', '1413435988102', '71'),
(188, 'chicosystems.com', '1413435988261', '0'),
(189, 'two.com', '1414040872964', '-1'),
(190, 'digitalpath.com', '1414040874442', '86'),
(191, 'digg.com', '1414040873964', '-1'),
(192, 'news.com', '1414040874530', '21'),
(193, 'one.com', '1414040876856', '122'),
(194, 'plesk.com', '1414040873317', '73'),
(195, 'gmail.com', '1414040873383', '60'),
(196, 'hotmail.com', '1414040875596', '64'),
(197, 'earlhart.com', '1414040874649', '60'),
(198, 'digitalpath.net', '1414040872330', '83'),
(199, 'chicosystems.com', '1414040877759', '0'),
(200, 'two.com', '1414645763872', '-1'),
(201, 'digitalpath.com', '1414645763605', '71'),
(202, 'digg.com', '1414645764011', '-1'),
(203, 'news.com', '1414645763569', '4'),
(204, 'one.com', '1414645763617', '111'),
(205, 'plesk.com', '1414645763499', '60'),
(206, 'gmail.com', '1414645763398', '45'),
(207, 'hotmail.com', '1414645763517', '48'),
(208, 'earlhart.com', '1414645763633', '39'),
(209, 'digitalpath.net', '1414645763435', '70'),
(210, 'chicosystems.com', '1414645763662', '0'),
(211, 'two.com', '1415250655592', '-1'),
(212, 'digitalpath.com', '1415250657147', '64'),
(213, 'digg.com', '1415250657515', '-1'),
(214, 'news.com', '1415250655183', '1'),
(215, 'one.com', '1415250652948', '108'),
(216, 'plesk.com', '1415250653969', '40'),
(217, 'gmail.com', '1415250656084', '40'),
(218, 'hotmail.com', '1415250651774', '46'),
(219, 'earlhart.com', '1415250654990', '35'),
(220, 'digitalpath.net', '1415250655042', '65'),
(221, 'chicosystems.com', '1415250655091', '0'),
(222, 'two.com', '1415855540357', '-1'),
(223, 'digitalpath.com', '1415855539812', '68'),
(224, 'digg.com', '1415855540372', '-1'),
(225, 'news.com', '1415855539896', '4'),
(226, 'one.com', '1415855539536', '183'),
(227, 'plesk.com', '1415855539883', '44'),
(228, 'gmail.com', '1415855539798', '39'),
(229, 'hotmail.com', '1415855539872', '48'),
(230, 'earlhart.com', '1415855539743', '38'),
(231, 'digitalpath.net', '1415855539703', '68'),
(232, 'chicosystems.com', '1415855539775', '0');

--
-- Indexes for dumped tables
--

--
-- Indexes for table `active_devices`
--
ALTER TABLE `active_devices`
 ADD UNIQUE KEY `deviceId` (`deviceId`);

--
-- Indexes for table `configuration`
--
ALTER TABLE `configuration`
 ADD PRIMARY KEY (`id`);

--
-- Indexes for table `day`
--
ALTER TABLE `day`
 ADD PRIMARY KEY (`id`);

--
-- Indexes for table `devices`
--
ALTER TABLE `devices`
 ADD PRIMARY KEY (`id`);

--
-- Indexes for table `hour`
--
ALTER TABLE `hour`
 ADD PRIMARY KEY (`id`);

--
-- Indexes for table `minute`
--
ALTER TABLE `minute`
 ADD PRIMARY KEY (`id`);

--
-- Indexes for table `notes`
--
ALTER TABLE `notes`
 ADD PRIMARY KEY (`id`);

--
-- Indexes for table `subscriptions`
--
ALTER TABLE `subscriptions`
 ADD PRIMARY KEY (`id`);

--
-- Indexes for table `timers`
--
ALTER TABLE `timers`
 ADD PRIMARY KEY (`id`);

--
-- Indexes for table `users`
--
ALTER TABLE `users`
 ADD PRIMARY KEY (`id`);

--
-- Indexes for table `week`
--
ALTER TABLE `week`
 ADD PRIMARY KEY (`id`);

--
-- Indexes for table `year`
--
ALTER TABLE `year`
 ADD PRIMARY KEY (`id`);

--
-- AUTO_INCREMENT for dumped tables
--

--
-- AUTO_INCREMENT for table `configuration`
--
ALTER TABLE `configuration`
MODIFY `id` int(11) NOT NULL AUTO_INCREMENT,AUTO_INCREMENT=17;
--
-- AUTO_INCREMENT for table `day`
--
ALTER TABLE `day`
MODIFY `id` int(11) NOT NULL AUTO_INCREMENT,AUTO_INCREMENT=31468;
--
-- AUTO_INCREMENT for table `devices`
--
ALTER TABLE `devices`
MODIFY `id` int(11) NOT NULL AUTO_INCREMENT,AUTO_INCREMENT=23;
--
-- AUTO_INCREMENT for table `hour`
--
ALTER TABLE `hour`
MODIFY `id` int(11) NOT NULL AUTO_INCREMENT,AUTO_INCREMENT=376808;
--
-- AUTO_INCREMENT for table `minute`
--
ALTER TABLE `minute`
MODIFY `id` int(11) NOT NULL AUTO_INCREMENT,AUTO_INCREMENT=18216923;
--
-- AUTO_INCREMENT for table `notes`
--
ALTER TABLE `notes`
MODIFY `id` int(11) NOT NULL AUTO_INCREMENT,AUTO_INCREMENT=25;
--
-- AUTO_INCREMENT for table `subscriptions`
--
ALTER TABLE `subscriptions`
MODIFY `id` int(11) NOT NULL AUTO_INCREMENT,AUTO_INCREMENT=2;
--
-- AUTO_INCREMENT for table `timers`
--
ALTER TABLE `timers`
MODIFY `id` int(11) NOT NULL AUTO_INCREMENT,AUTO_INCREMENT=10;
--
-- AUTO_INCREMENT for table `users`
--
ALTER TABLE `users`
MODIFY `id` int(11) NOT NULL AUTO_INCREMENT,AUTO_INCREMENT=3;
--
-- AUTO_INCREMENT for table `week`
--
ALTER TABLE `week`
MODIFY `id` int(11) NOT NULL AUTO_INCREMENT,AUTO_INCREMENT=1358;
--
-- AUTO_INCREMENT for table `year`
--
ALTER TABLE `year`
MODIFY `id` int(11) NOT NULL AUTO_INCREMENT,AUTO_INCREMENT=233;
/*!40101 SET CHARACTER_SET_CLIENT=@OLD_CHARACTER_SET_CLIENT */;
/*!40101 SET CHARACTER_SET_RESULTS=@OLD_CHARACTER_SET_RESULTS */;
/*!40101 SET COLLATION_CONNECTION=@OLD_COLLATION_CONNECTION */;
